/* Auto-generado por tools/png_to_mode4.py — NO editar a mano. */
/* fuente: assets/splash_coldpakku.png */
#ifndef GENERATED_SPLASH_H
#define GENERATED_SPLASH_H

#include "../types.h"

#define SPLASH_WIDTH  240
#define SPLASH_HEIGHT 160
#define SPLASH_PALETTE_LEN 256

static const u16 SPLASH_PALETTE[256] = {
    0x1bdf, 0x5ab3, 0x732b, 0x329b, 0x7e6c, 0x19b1, 0x1d51, 0x294b,
    0x112a, 0x4186, 0x1ce6, 0x18ec, 0x1ca8, 0x1884, 0x0000, 0x0000,
    0x0000, 0x0000, 0x0000, 0x0000, 0x0000, 0x0000, 0x0000, 0x0000,
    0x0000, 0x0000, 0x0000, 0x0000, 0x0000, 0x0000, 0x0000, 0x0000,
    0x0000, 0x0000, 0x0000, 0x0000, 0x0000, 0x0000, 0x0000, 0x0000,
    0x0000, 0x0000, 0x0000, 0x0000, 0x0000, 0x0000, 0x0000, 0x0000,
    0x0000, 0x0000, 0x0000, 0x0000, 0x0000, 0x0000, 0x0000, 0x0000,
    0x0000, 0x0000, 0x0000, 0x0000, 0x0000, 0x0000, 0x0000, 0x0000,
    0x0000, 0x0000, 0x0000, 0x0000, 0x0000, 0x0000, 0x0000, 0x0000,
    0x0000, 0x0000, 0x0000, 0x0000, 0x0000, 0x0000, 0x0000, 0x0000,
    0x0000, 0x0000, 0x0000, 0x0000, 0x0000, 0x0000, 0x0000, 0x0000,
    0x0000, 0x0000, 0x0000, 0x0000, 0x0000, 0x0000, 0x0000, 0x0000,
    0x0000, 0x0000, 0x0000, 0x0000, 0x0000, 0x0000, 0x0000, 0x0000,
    0x0000, 0x0000, 0x0000, 0x0000, 0x0000, 0x0000, 0x0000, 0x0000,
    0x0000, 0x0000, 0x0000, 0x0000, 0x0000, 0x0000, 0x0000, 0x0000,
    0x0000, 0x0000, 0x0000, 0x0000, 0x0000, 0x0000, 0x0000, 0x0000,
    0x0000, 0x0000, 0x0000, 0x0000, 0x0000, 0x0000, 0x0000, 0x0000,
    0x0000, 0x0000, 0x0000, 0x0000, 0x0000, 0x0000, 0x0000, 0x0000,
    0x0000, 0x0000, 0x0000, 0x0000, 0x0000, 0x0000, 0x0000, 0x0000,
    0x0000, 0x0000, 0x0000, 0x0000, 0x0000, 0x0000, 0x0000, 0x0000,
    0x0000, 0x0000, 0x0000, 0x0000, 0x0000, 0x0000, 0x0000, 0x0000,
    0x0000, 0x0000, 0x0000, 0x0000, 0x0000, 0x0000, 0x0000, 0x0000,
    0x0000, 0x0000, 0x0000, 0x0000, 0x0000, 0x0000, 0x0000, 0x0000,
    0x0000, 0x0000, 0x0000, 0x0000, 0x0000, 0x0000, 0x0000, 0x0000,
    0x0000, 0x0000, 0x0000, 0x0000, 0x0000, 0x0000, 0x0000, 0x0000,
    0x0000, 0x0000, 0x0000, 0x0000, 0x0000, 0x0000, 0x0000, 0x0000,
    0x0000, 0x0000, 0x0000, 0x0000, 0x0000, 0x0000, 0x0000, 0x0000,
    0x0000, 0x0000, 0x0000, 0x0000, 0x0000, 0x0000, 0x0000, 0x0000,
    0x0000, 0x0000, 0x0000, 0x0000, 0x0000, 0x0000, 0x0000, 0x0000,
    0x0000, 0x0000, 0x0000, 0x0000, 0x0000, 0x0000, 0x0000, 0x0000,
    0x0000, 0x0000, 0x0000, 0x0000, 0x0000, 0x0000, 0x0000, 0x0000,
    0x0000, 0x0000, 0x0000, 0x0000, 0x0000, 0x0000, 0x0000, 0x0000,
};

static const u16 SPLASH_PIXELS_HALF[19200] = {
    0x0a0a, 0x0a0a, 0x0a0a, 0x0a0a, 0x0a0a, 0x0a0a, 0x0a0a, 0x0a0a, 0x0a0a, 0x0a0a, 0x0a0a, 0x0a0a,
    0x0a0a, 0x0a0a, 0x0a0a, 0x0a0a, 0x0a0a, 0x0a0a, 0x0a0a, 0x0a0a, 0x0a0a, 0x0a0a, 0x0a0a, 0x0a0a,
    0x0a0a, 0x0a0a, 0x0a0a, 0x0a0a, 0x0a0a, 0x0a0a, 0x0a0a, 0x0a0a, 0x0a0a, 0x0a0a, 0x0a0a, 0x0a0a,
    0x0a0a, 0x0a0a, 0x0a0a, 0x0a0a, 0x0a0a, 0x0a0a, 0x0a0a, 0x0a0a, 0x0a0a, 0x0a0a, 0x0a0a, 0x0a0a,
    0x0a0a, 0x0a0a, 0x0a0a, 0x0a0a, 0x0a0a, 0x0a0a, 0x0a0a, 0x0a0a, 0x0a0a, 0x0a0a, 0x0a0a, 0x0a0a,
    0x0a0a, 0x0a0a, 0x0a0a, 0x0a0a, 0x0a0a, 0x0a0a, 0x0a0a, 0x0a0a, 0x0a0a, 0x0a0a, 0x0a0a, 0x0a0a,
    0x0a0a, 0x0a0a, 0x0a0a, 0x0a0a, 0x0a0a, 0x0a0a, 0x0a0a, 0x0a0a, 0x0a0a, 0x0a0a, 0x0a0a, 0x0a0a,
    0x0a0a, 0x0a0a, 0x0a0a, 0x0a0a, 0x0a0a, 0x0a0a, 0x0a0a, 0x0a0a, 0x0a0a, 0x0a0a, 0x0a0a, 0x0a0a,
    0x0a0a, 0x0a0a, 0x0a0a, 0x0a0a, 0x0a0a, 0x0a0a, 0x0a0a, 0x0a0a, 0x0a0a, 0x0a0a, 0x0a0a, 0x0a0a,
    0x0a0a, 0x0a0a, 0x0a0a, 0x0a0a, 0x0a0a, 0x0a0a, 0x0a0a, 0x0a0a, 0x0a0a, 0x0a0a, 0x0a0a, 0x0a0a,
    0x0a0a, 0x0a0a, 0x0a0a, 0x0a0a, 0x0a0a, 0x0a0a, 0x0a0a, 0x0a0a, 0x0a0a, 0x0a0a, 0x0a0a, 0x0a0a,
    0x0a0a, 0x0a0a, 0x0a0a, 0x0a0a, 0x0a0a, 0x0a0a, 0x0a0a, 0x0a0a, 0x0a0a, 0x0a0a, 0x0a0a, 0x0a0a,
    0x0a0a, 0x0a0a, 0x0a0a, 0x0a0a, 0x0a0a, 0x0a0a, 0x0a0a, 0x0a0a, 0x0a0a, 0x0a0a, 0x0a0a, 0x0a0a,
    0x0a0a, 0x0a0a, 0x0a0a, 0x0a0a, 0x0a0a, 0x0a0a, 0x0a0a, 0x0a0a, 0x0a0a, 0x0a0a, 0x0a0a, 0x0a0a,
    0x0a0a, 0x0a0a, 0x0a0a, 0x0a0a, 0x0a0a, 0x0a0a, 0x0a0a, 0x0a0a, 0x0a0a, 0x0a0a, 0x0a0a, 0x0a0a,
    0x0a0a, 0x0a0a, 0x0a0a, 0x0a0a, 0x0a0a, 0x0a0a, 0x0a0a, 0x0a0a, 0x0a0a, 0x0a0a, 0x0a0a, 0x0a0a,
    0x0a0a, 0x0a0a, 0x0a0a, 0x0a0a, 0x0a0a, 0x0a0a, 0x0a0a, 0x0a0a, 0x0a0a, 0x0a0a, 0x0a0a, 0x0a0a,
    0x0a0a, 0x0a0a, 0x0a0a, 0x0a0a, 0x0a0a, 0x0a0a, 0x0a0a, 0x0a0a, 0x0a0a, 0x0a0a, 0x0a0a, 0x0a0a,
    0x0a0a, 0x0a0a, 0x0a0a, 0x0a0a, 0x0a0a, 0x0a0a, 0x0a0a, 0x0a0a, 0x0a0a, 0x0a0a, 0x0a0a, 0x0a0a,
    0x0a0a, 0x0a0a, 0x0a0a, 0x0a0a, 0x0a0a, 0x0a0a, 0x0a0a, 0x0a0a, 0x0a0a, 0x0a0a, 0x0a0a, 0x0a0a,
    0x0a0a, 0x0a0a, 0x0a0a, 0x0a0a, 0x0a0a, 0x0a0a, 0x0a0a, 0x0a0a, 0x0a0a, 0x0a0a, 0x0a0a, 0x0a0a,
    0x0a0a, 0x0a0a, 0x0a0a, 0x0a0a, 0x0a0a, 0x0a0a, 0x0a0a, 0x0a0a, 0x0a0a, 0x0a0a, 0x0a0a, 0x0a0a,
    0x0a0a, 0x0a0a, 0x0a0a, 0x0a0a, 0x0a0a, 0x0a0a, 0x0a0a, 0x0a0a, 0x0a0a, 0x0a0a, 0x0a0a, 0x0a0a,
    0x0a0a, 0x0a0a, 0x0a0a, 0x0a0a, 0x0a0a, 0x0a0a, 0x0a0a, 0x0a0a, 0x0a0a, 0x0a0a, 0x0a0a, 0x0a0a,
    0x0a0a, 0x0a0a, 0x0a0a, 0x0a0a, 0x0a0a, 0x0a0a, 0x0a0a, 0x0a0a, 0x0a0a, 0x0a0a, 0x0a0a, 0x0a0a,
    0x0a0a, 0x0a0a, 0x0a0a, 0x0a0a, 0x0a0a, 0x0a0a, 0x0a0a, 0x0a0a, 0x0a0a, 0x0a0a, 0x0a0a, 0x0a0a,
    0x0a0a, 0x0a0a, 0x0a0a, 0x0a0a, 0x0a0a, 0x0a0a, 0x0a0a, 0x0a0a, 0x0a0a, 0x0a0a, 0x0a0a, 0x0a0a,
    0x0a0a, 0x0a0a, 0x0a0a, 0x0a0a, 0x0a0a, 0x0a0a, 0x0a0a, 0x0a0a, 0x0a0a, 0x0a0a, 0x0a0a, 0x0a0a,
    0x0a0a, 0x0a0a, 0x0a0a, 0x0a0a, 0x0a0a, 0x0a0a, 0x0a0a, 0x0a0a, 0x0a0a, 0x0a0a, 0x0a0a, 0x0a0a,
    0x0a0a, 0x0a0a, 0x0a0a, 0x0a0a, 0x0a0a, 0x0a0a, 0x0a0a, 0x0a0a, 0x0a0a, 0x0a0a, 0x0a0a, 0x0a0a,
    0x0a0a, 0x0a0a, 0x0a0a, 0x0a0a, 0x0a0a, 0x0a0a, 0x0a0a, 0x0a0a, 0x0a0a, 0x0a0a, 0x0a0a, 0x0a0a,
    0x0a0a, 0x0a0a, 0x0a0a, 0x0a0a, 0x0a0a, 0x0a0a, 0x0a0a, 0x0a0a, 0x0a0a, 0x0a0a, 0x0a0a, 0x0a0a,
    0x0a0a, 0x0a0a, 0x0a0a, 0x0a0a, 0x0a0a, 0x0a0a, 0x0a0a, 0x0a0a, 0x0a0a, 0x0a0a, 0x0a0a, 0x0a0a,
    0x0a0a, 0x0a0a, 0x0a0a, 0x0a0a, 0x0a0a, 0x0a0a, 0x0a0a, 0x0a0a, 0x0a0a, 0x0a0a, 0x0a0a, 0x0a0a,
    0x0a0a, 0x0a0a, 0x0a0a, 0x0a0a, 0x0a0a, 0x0a0a, 0x0a0a, 0x0a0a, 0x0a0a, 0x0a0a, 0x0a0a, 0x0a0a,
    0x0a0a, 0x0a0a, 0x0a0a, 0x0a0a, 0x0a0a, 0x0a0a, 0x0a0a, 0x0a0a, 0x0a0a, 0x0a0a, 0x0a0a, 0x0a0a,
    0x0a0a, 0x0a0a, 0x0a0a, 0x0a0a, 0x0a0a, 0x0a0a, 0x0a0a, 0x0a0a, 0x0a0a, 0x0a0a, 0x0a0a, 0x0a0a,
    0x0a0a, 0x0a0a, 0x0a0a, 0x0a0a, 0x0a0a, 0x0a0a, 0x0a0a, 0x0a0a, 0x0a0a, 0x0a0a, 0x0a0a, 0x0a0a,
    0x0a0a, 0x0a0a, 0x0a0a, 0x0a0a, 0x0a0a, 0x0a0a, 0x0a0a, 0x0a0a, 0x0a0a, 0x0a0a, 0x0a0a, 0x0a0a,
    0x0a0a, 0x0a0a, 0x0a0a, 0x0a0a, 0x0a0a, 0x0a0a, 0x0a0a, 0x0a0a, 0x0a0a, 0x0a0a, 0x0a0a, 0x0a0a,
    0x0a0a, 0x0a0a, 0x0a0a, 0x0a0a, 0x0a0a, 0x0a0a, 0x0a0a, 0x0a0a, 0x0a0a, 0x0a0a, 0x0a0a, 0x0a0a,
    0x0a0a, 0x0a0a, 0x0a0a, 0x0a0a, 0x0a0a, 0x0a0a, 0x0a0a, 0x0a0a, 0x0a0a, 0x0a0a, 0x0a0a, 0x0a0a,
    0x0a0a, 0x0a0a, 0x0a0a, 0x0a0a, 0x0a0a, 0x0a0a, 0x0a0a, 0x0a0a, 0x0a0a, 0x0a0a, 0x0a0a, 0x0a0a,
    0x0a0a, 0x0a0a, 0x0a0a, 0x0a0a, 0x0a0a, 0x0a0a, 0x0a0a, 0x0a0a, 0x0a0a, 0x0a0a, 0x0a0a, 0x0a0a,
    0x0a0a, 0x0a0a, 0x0a0a, 0x0a0a, 0x0a0a, 0x0a0a, 0x0a0a, 0x0a0a, 0x0a0a, 0x0a0a, 0x0a0a, 0x0a0a,
    0x0a0a, 0x0a0a, 0x0a0a, 0x0a0a, 0x0a0a, 0x0a0a, 0x0a0a, 0x0a0a, 0x0a0a, 0x0a0a, 0x0a0a, 0x0a0a,
    0x0a0a, 0x0a0a, 0x0a0a, 0x0a0a, 0x0a0a, 0x0a0a, 0x0a0a, 0x0a0a, 0x0a0a, 0x0a0a, 0x0a0a, 0x0a0a,
    0x0a0a, 0x0a0a, 0x0a0a, 0x0a0a, 0x0a0a, 0x0a0a, 0x0a0a, 0x0a0a, 0x0a0a, 0x0a0a, 0x0a0a, 0x0a0a,
    0x0a0a, 0x0a0a, 0x0a0a, 0x0a0a, 0x0a0a, 0x0a0a, 0x0a0a, 0x0a0a, 0x0a0a, 0x0a0a, 0x0a0a, 0x0a0a,
    0x0a0a, 0x0a0a, 0x0a0a, 0x0a0a, 0x0a0a, 0x0a0a, 0x0a0a, 0x0a0a, 0x0a0a, 0x0a0a, 0x0a0a, 0x0a0a,
    0x0a0a, 0x0a0a, 0x0a0a, 0x0a0a, 0x0a0a, 0x0a0a, 0x0a0a, 0x0a0a, 0x0a0a, 0x0a0a, 0x0a0a, 0x0a0a,
    0x0a0a, 0x0a0a, 0x0a0a, 0x0a0a, 0x0a0a, 0x0a0a, 0x0a0a, 0x0a0a, 0x0a0a, 0x0a0a, 0x0a0a, 0x0a0a,
    0x0a0a, 0x0a0a, 0x0a0a, 0x0a0a, 0x0a0a, 0x0a0a, 0x0a0a, 0x0a0a, 0x0a0a, 0x0a0a, 0x0a0a, 0x0a0a,
    0x0a0a, 0x0a0a, 0x0a0a, 0x0a0a, 0x0a0a, 0x0a0a, 0x0a0a, 0x0a0a, 0x0a0a, 0x0a0a, 0x0a0a, 0x0a0a,
    0x0a0a, 0x0a0a, 0x0a0a, 0x0a0a, 0x0a0a, 0x0a0a, 0x0a0a, 0x0a0a, 0x0a0a, 0x0a0a, 0x0a0a, 0x0a0a,
    0x0a0a, 0x0a0a, 0x0a0a, 0x0a0a, 0x0a0a, 0x0a0a, 0x0a0a, 0x0a0a, 0x0a0a, 0x0a0a, 0x0a0a, 0x0a0a,
    0x0a0a, 0x0a0a, 0x0a0a, 0x0a0a, 0x0a0a, 0x0a0a, 0x0a0a, 0x0a0a, 0x0a0a, 0x0a0a, 0x0a0a, 0x0a0a,
    0x0a0a, 0x0a0a, 0x0a0a, 0x0a0a, 0x0a0a, 0x0a0a, 0x0a0a, 0x0a0a, 0x0a0a, 0x0a0a, 0x0a0a, 0x0a0a,
    0x0a0a, 0x0a0a, 0x0a0a, 0x0a0a, 0x0a0a, 0x0a0a, 0x0a0a, 0x0a0a, 0x0a0a, 0x0a0a, 0x0a0a, 0x0a0a,
    0x0a0a, 0x0a0a, 0x0a0a, 0x0a0a, 0x0a0a, 0x0a0a, 0x0a0a, 0x0a0a, 0x0a0a, 0x0a0a, 0x0a0a, 0x0a0a,
    0x0a0a, 0x0a0a, 0x0a0a, 0x0a0a, 0x0a0a, 0x0a0a, 0x0a0a, 0x0a0a, 0x0a0a, 0x0a0a, 0x0a0a, 0x0a0a,
    0x0a0a, 0x0a0a, 0x0a0a, 0x0a0a, 0x0a0a, 0x0a0a, 0x0a0a, 0x0a0a, 0x0a0a, 0x0a0a, 0x0a0a, 0x0a0a,
    0x0a0a, 0x0a0a, 0x0a0a, 0x0a0a, 0x0a0a, 0x0a0a, 0x0a0a, 0x0a0a, 0x0a0a, 0x0a0a, 0x0a0a, 0x0a0a,
    0x0a0a, 0x0a0a, 0x0a0a, 0x0a0a, 0x0a0a, 0x0a0a, 0x0a0a, 0x0a0a, 0x0a0a, 0x0a0a, 0x0a0a, 0x0a0a,
    0x0a0a, 0x0a0a, 0x0a0a, 0x0a0a, 0x0a0a, 0x0a0a, 0x0a0a, 0x0a0a, 0x0a0a, 0x0a0a, 0x0a0a, 0x0a0a,
    0x0a0a, 0x0a0a, 0x0a0a, 0x0a0a, 0x0a0a, 0x0a0a, 0x0a0a, 0x0a0a, 0x0a0a, 0x0a0a, 0x0a0a, 0x0a0a,
    0x0a0a, 0x0a0a, 0x0a0a, 0x0a0a, 0x0a0a, 0x0a0a, 0x0a0a, 0x0a0a, 0x0a0a, 0x0a0a, 0x0a0a, 0x0a0a,
    0x0a0a, 0x0a0a, 0x0a0a, 0x0a0a, 0x0a0a, 0x0a0a, 0x0a0a, 0x0a0a, 0x0a0a, 0x0a0a, 0x0a0a, 0x0a0a,
    0x0a0a, 0x0a0a, 0x0a0a, 0x0a0a, 0x0a0a, 0x0a0a, 0x0a0a, 0x0a0a, 0x0a0a, 0x0a0a, 0x0a0a, 0x0a0a,
    0x0a0a, 0x0a0a, 0x0a0a, 0x0a0a, 0x0a0a, 0x0a0a, 0x0a0a, 0x0a0a, 0x0a0a, 0x0a0a, 0x0a0a, 0x0a0a,
    0x0a0a, 0x0a0a, 0x0a0a, 0x0a0a, 0x0a0a, 0x0a0a, 0x0a0a, 0x0a0a, 0x0a0a, 0x0a0a, 0x0a0a, 0x0a0a,
    0x0a0a, 0x0a0a, 0x0a0a, 0x0a0a, 0x0a0a, 0x0a0a, 0x0a0a, 0x0a0a, 0x0a0a, 0x0a0a, 0x0a0a, 0x0a0a,
    0x0a0a, 0x0a0a, 0x0a0a, 0x0a0a, 0x0a0a, 0x0a0a, 0x0a0a, 0x0a0a, 0x0a0a, 0x0a0a, 0x0a0a, 0x0a0a,
    0x0a0a, 0x0a0a, 0x0a0a, 0x0a0a, 0x0a0a, 0x0a0a, 0x0a0a, 0x0a0a, 0x0a0a, 0x0a0a, 0x0a0a, 0x0a0a,
    0x0a0a, 0x0a0a, 0x0a0a, 0x0a0a, 0x0a0a, 0x0a0a, 0x0a0a, 0x0a0a, 0x0a0a, 0x0a0a, 0x0a0a, 0x0a0a,
    0x0a0a, 0x0a0a, 0x0a0a, 0x0a0a, 0x0a0a, 0x0a0a, 0x0a0a, 0x0a0a, 0x0a0a, 0x0a0a, 0x0a0a, 0x0a0a,
    0x0a0a, 0x0a0a, 0x0a0a, 0x0a0a, 0x0a0a, 0x0a0a, 0x0a0a, 0x0a0a, 0x0a0a, 0x0a0a, 0x0a0a, 0x0a0a,
    0x0a0a, 0x0a0a, 0x0a0a, 0x0a0a, 0x0a0a, 0x0a0a, 0x0a0a, 0x0a0a, 0x0a0a, 0x0a0a, 0x0a0a, 0x0a0a,
    0x0a0a, 0x0a0a, 0x0a0a, 0x0a0a, 0x0a0a, 0x0a0a, 0x0a0a, 0x0a0a, 0x0a0a, 0x0a0a, 0x0a0a, 0x0a0a,
    0x0a0a, 0x0a0a, 0x0a0a, 0x0a0a, 0x0a0a, 0x0a0a, 0x0a0a, 0x0a0a, 0x0a0a, 0x0a0a, 0x0a0a, 0x0a0a,
    0x0a0a, 0x0a0a, 0x0a0a, 0x0a0a, 0x0a0a, 0x0a0a, 0x0a0a, 0x0a0a, 0x0a0a, 0x0a0a, 0x0a0a, 0x0a0a,
    0x0a0a, 0x0a0a, 0x0a0a, 0x0a0a, 0x0a0a, 0x0a0a, 0x0a0a, 0x0a0a, 0x0a0a, 0x0a0a, 0x0a0a, 0x0a0a,
    0x0a0a, 0x0a0a, 0x0a0a, 0x0a0a, 0x0a0a, 0x0a0a, 0x0a0a, 0x0a0a, 0x0a0a, 0x0a0a, 0x0a0a, 0x0a0a,
    0x0a0a, 0x0a0a, 0x0a0a, 0x0a0a, 0x0a0a, 0x0a0a, 0x0a0a, 0x0a0a, 0x0a0a, 0x0a0a, 0x0a0a, 0x0a0a,
    0x0a0a, 0x0a0a, 0x0a0a, 0x0a0a, 0x0a0a, 0x0a0a, 0x0a0a, 0x0a0a, 0x0a0a, 0x0a0a, 0x0a0a, 0x0a0a,
    0x0a0a, 0x0a0a, 0x0a0a, 0x0a0a, 0x0a0a, 0x0a0a, 0x0a0a, 0x0a0a, 0x0a0a, 0x0a0a, 0x0a0a, 0x0a0a,
    0x0a0a, 0x0a0a, 0x0a0a, 0x0a0a, 0x0a0a, 0x0a0a, 0x0a0a, 0x0a0a, 0x0a0a, 0x0a0a, 0x0a0a, 0x0a0a,
    0x0a0a, 0x0a0a, 0x0a0a, 0x0a0a, 0x0a0a, 0x0a0a, 0x0a0a, 0x0a0a, 0x0a0a, 0x0a0a, 0x0a0a, 0x0a0a,
    0x0a0a, 0x0a0a, 0x0a0a, 0x0a0a, 0x0a0a, 0x0a0a, 0x0a0a, 0x0a0a, 0x0a0a, 0x0a0a, 0x0a0a, 0x0a0a,
    0x0a0a, 0x0a0a, 0x0a0a, 0x0a0a, 0x0a0a, 0x0a0a, 0x0a0a, 0x0a0a, 0x0a0a, 0x0a0a, 0x0a0a, 0x0a0a,
    0x0a0a, 0x0a0a, 0x0a0a, 0x0a0a, 0x0a0a, 0x0a0a, 0x0a0a, 0x0a0a, 0x0a0a, 0x0a0a, 0x0a0a, 0x0a0a,
    0x0a0a, 0x0a0a, 0x0a0a, 0x0a0a, 0x0a0a, 0x0a0a, 0x0a0a, 0x0a0a, 0x0a0a, 0x0a0a, 0x0a0a, 0x0a0a,
    0x0a0a, 0x0a0a, 0x0a0a, 0x0a0a, 0x0a0a, 0x0a0a, 0x0a0a, 0x0a0a, 0x0a0a, 0x0a0a, 0x0a0a, 0x0a0a,
    0x0a0a, 0x0a0a, 0x0a0a, 0x0a0a, 0x0a0a, 0x0a0a, 0x0a0a, 0x0a0a, 0x0a0a, 0x0a0a, 0x0a0a, 0x0a0a,
    0x0a0a, 0x0a0a, 0x0a0a, 0x0a0a, 0x0a0a, 0x0a0a, 0x0a0a, 0x0a0a, 0x0a0a, 0x0a0a, 0x0a0a, 0x0a0a,
    0x0a0a, 0x0a0a, 0x0a0a, 0x0a0a, 0x0a0a, 0x0a0a, 0x0a0a, 0x0a0a, 0x0a0a, 0x0a0a, 0x0a0a, 0x0a0a,
    0x0a0a, 0x0a0a, 0x0a0a, 0x0a0a, 0x0a0a, 0x0a0a, 0x0a0a, 0x0a0a, 0x0a0a, 0x0a0a, 0x0a0a, 0x0a0a,
    0x0a0a, 0x0a0a, 0x0a0a, 0x0a0a, 0x0a0a, 0x0a0a, 0x0a0a, 0x0a0a, 0x0a0a, 0x0a0a, 0x0a0a, 0x0a0a,
    0x0a0a, 0x0a0a, 0x0a0a, 0x0a0a, 0x0a0a, 0x0a0a, 0x0a0a, 0x0a0a, 0x0a0a, 0x0a0a, 0x0a0a, 0x0a0a,
    0x0a0a, 0x0a0a, 0x0a0a, 0x0a0a, 0x0a0a, 0x0a0a, 0x0a0a, 0x0a0a, 0x0a0a, 0x0a0a, 0x0a0a, 0x0a0a,
    0x0a0a, 0x0a0a, 0x0a0a, 0x0a0a, 0x0a0a, 0x0a0a, 0x0a0a, 0x0a0a, 0x0a0a, 0x0a0a, 0x0a0a, 0x0a0a,
    0x0a0a, 0x0a0a, 0x0a0a, 0x0a0a, 0x0a0a, 0x0a0a, 0x0a0a, 0x0a0a, 0x0a0a, 0x0a0a, 0x0a0a, 0x0a0a,
    0x0a0a, 0x0a0a, 0x0a0a, 0x0a0a, 0x0a0a, 0x0a0a, 0x0a0a, 0x0a0a, 0x0a0a, 0x0a0a, 0x0a0a, 0x0a0a,
    0x0a0a, 0x0a0a, 0x0a0a, 0x0a0a, 0x0a0a, 0x0a0a, 0x0a0a, 0x0a0a, 0x0a0a, 0x0a0a, 0x0a0a, 0x0a0a,
    0x0a0a, 0x0a0a, 0x0a0a, 0x0a0a, 0x0a0a, 0x0a0a, 0x0a0a, 0x0a0a, 0x0a0a, 0x0a0a, 0x0a0a, 0x0a0a,
    0x0a0a, 0x0a0a, 0x0a0a, 0x0a0a, 0x0a0a, 0x0a0a, 0x0a0a, 0x0a0a, 0x0a0a, 0x0a0a, 0x0a0a, 0x0a0a,
    0x0a0a, 0x0a0a, 0x0a0a, 0x0a0a, 0x0a0a, 0x0a0a, 0x0a0a, 0x0a0a, 0x0a0a, 0x0a0a, 0x0a0a, 0x0a0a,
    0x0a0a, 0x0a0a, 0x0a0a, 0x0a0a, 0x0a0a, 0x0a0a, 0x0a0a, 0x0a0a, 0x0a0a, 0x0a0a, 0x0a0a, 0x0a0a,
    0x0a0a, 0x0a0a, 0x0a0a, 0x0a0a, 0x0a0a, 0x0a0a, 0x0a0a, 0x0a0a, 0x0a0a, 0x0a0a, 0x0a0a, 0x0a0a,
    0x0a0a, 0x0a0a, 0x0a0a, 0x0a0a, 0x0a0a, 0x0a0a, 0x0a0a, 0x0a0a, 0x0a0a, 0x0a0a, 0x0a0a, 0x0a0a,
    0x0a0a, 0x0a0a, 0x0a0a, 0x0a0a, 0x0a0a, 0x0a0a, 0x0a0a, 0x0a0a, 0x0a0a, 0x0a0a, 0x0a0a, 0x0a0a,
    0x0a0a, 0x0a0a, 0x0a0a, 0x0a0a, 0x0a0a, 0x0a0a, 0x0a0a, 0x0a0a, 0x0a0a, 0x0a0a, 0x0a0a, 0x0a0a,
    0x0a0a, 0x0a0a, 0x0a0a, 0x0a0a, 0x0a0a, 0x0a0a, 0x0a0a, 0x0a0a, 0x0a0a, 0x0a0a, 0x0a0a, 0x0a0a,
    0x0a0a, 0x0a0a, 0x0a0a, 0x0a0a, 0x0a0a, 0x0a0a, 0x0a0a, 0x0a0a, 0x0a0a, 0x0a0a, 0x0a0a, 0x0a0a,
    0x0a0a, 0x0a0a, 0x0a0a, 0x0a0a, 0x0a0a, 0x0a0a, 0x0a0a, 0x0a0a, 0x0a0a, 0x0a0a, 0x0a0a, 0x0a0a,
    0x0a0a, 0x0a0a, 0x0a0a, 0x0a0a, 0x0a0a, 0x0a0a, 0x0a0a, 0x0a0a, 0x0a0a, 0x0a0a, 0x0a0a, 0x0a0a,
    0x0a0a, 0x0a0a, 0x0a0a, 0x0a0a, 0x0a0a, 0x0a0a, 0x0a0a, 0x0a0a, 0x0a0a, 0x0a0a, 0x0a0a, 0x0a0a,
    0x0a0a, 0x0a0a, 0x0a0a, 0x0a0a, 0x0a0a, 0x0a0a, 0x0a0a, 0x0a0a, 0x0a0a, 0x0a0a, 0x0a0a, 0x0a0a,
    0x0a0a, 0x0a0a, 0x0a0a, 0x0a0a, 0x0a0a, 0x0a0a, 0x0a0a, 0x0a0a, 0x0a0a, 0x0a0a, 0x0a0a, 0x0a0a,
    0x0a0a, 0x0a0a, 0x0a0a, 0x0a0a, 0x0a0a, 0x0a0a, 0x0a0a, 0x0a0a, 0x0a0a, 0x0a0a, 0x0a0a, 0x0a0a,
    0x0a0a, 0x0a0a, 0x0a0a, 0x0a0a, 0x0a0a, 0x0a0a, 0x0a0a, 0x0a0a, 0x0a0a, 0x0a0a, 0x0a0a, 0x0a0a,
    0x0a0a, 0x0a0a, 0x0a0a, 0x0a0a, 0x0a0a, 0x0a0a, 0x0a0a, 0x0a0a, 0x0a0a, 0x0a0a, 0x0a0a, 0x0a0a,
    0x0a0a, 0x0a0a, 0x0a0a, 0x0a0a, 0x0a0a, 0x0a0a, 0x0a0a, 0x0a0a, 0x0a0a, 0x0a0a, 0x0a0a, 0x0a0a,
    0x0a0a, 0x0a0a, 0x0a0a, 0x0a0a, 0x0a0a, 0x0a0a, 0x0a0a, 0x0a0a, 0x0a0a, 0x0a0a, 0x0a0a, 0x0a0a,
    0x0a0a, 0x0a0a, 0x0a0a, 0x0a0a, 0x0a0a, 0x0a0a, 0x0a0a, 0x0a0a, 0x0a0a, 0x0a0a, 0x0a0a, 0x0a0a,
    0x0a0a, 0x0a0a, 0x0a0a, 0x0a0a, 0x0a0a, 0x0a0a, 0x0a0a, 0x0a0a, 0x0a0a, 0x0a0a, 0x0a0a, 0x0a0a,
    0x0a0a, 0x0a0a, 0x0a0a, 0x0a0a, 0x0a0a, 0x0a0a, 0x0a0a, 0x0a0a, 0x0a0a, 0x0a0a, 0x0a0a, 0x0a0a,
    0x0a0a, 0x0a0a, 0x0a0a, 0x0a0a, 0x0a0a, 0x0a0a, 0x0a0a, 0x0a0a, 0x0a0a, 0x0a0a, 0x0a0a, 0x0a0a,
    0x0a0a, 0x0a0a, 0x0a0a, 0x0a0a, 0x0a0a, 0x0a0a, 0x0a0a, 0x0a0a, 0x0a0a, 0x0a0a, 0x0a0a, 0x0a0a,
    0x0a0a, 0x0a0a, 0x0a0a, 0x0a0a, 0x0a0a, 0x0a0a, 0x0a0a, 0x0a0a, 0x0a0a, 0x0a0a, 0x0a0a, 0x0a0a,
    0x0a0a, 0x0a0a, 0x0a0a, 0x0a0a, 0x0a0a, 0x0a0a, 0x0a0a, 0x0a0a, 0x0a0a, 0x0a0a, 0x0a0a, 0x0a0a,
    0x0a0a, 0x0a0a, 0x0a0a, 0x0a0a, 0x0a0a, 0x0a0a, 0x0a0a, 0x0a0a, 0x0a0a, 0x0a0a, 0x0a0a, 0x0a0a,
    0x0a0a, 0x0a0a, 0x0a0a, 0x0a0a, 0x0a0a, 0x0a0a, 0x0a0a, 0x0a0a, 0x0a0a, 0x0a0a, 0x0a0a, 0x0a0a,
    0x0a0a, 0x0a0a, 0x0a0a, 0x0a0a, 0x0a0a, 0x0a0a, 0x0a0a, 0x0a0a, 0x0a0a, 0x0a0a, 0x0a0a, 0x0a0a,
    0x0a0a, 0x0a0a, 0x0a0a, 0x0a0a, 0x0a0a, 0x0a0a, 0x0a0a, 0x0a0a, 0x0a0a, 0x0a0a, 0x0a0a, 0x0a0a,
    0x0a0a, 0x0a0a, 0x0a0a, 0x0a0a, 0x0a0a, 0x0a0a, 0x0a0a, 0x0a0a, 0x0a0a, 0x0a0a, 0x0a0a, 0x0a0a,
    0x0a0a, 0x0a0a, 0x0a0a, 0x0a0a, 0x0a0a, 0x0a0a, 0x0a0a, 0x0a0a, 0x0a0a, 0x0a0a, 0x0a0a, 0x0a0a,
    0x0a0a, 0x0a0a, 0x0a0a, 0x0a0a, 0x0a0a, 0x0a0a, 0x0a0a, 0x0a0a, 0x0a0a, 0x0a0a, 0x0a0a, 0x0a0a,
    0x0a0a, 0x0a0a, 0x0a0a, 0x0a0a, 0x0a0a, 0x0a0a, 0x0a0a, 0x0a0a, 0x0a0a, 0x0a0a, 0x0a0a, 0x0a0a,
    0x0a0a, 0x0a0a, 0x0a0a, 0x0a0a, 0x0a0a, 0x0a0a, 0x0a0a, 0x0a0a, 0x0a0a, 0x0a0a, 0x0a0a, 0x0a0a,
    0x0a0a, 0x0a0a, 0x0a0a, 0x0a0a, 0x0a0a, 0x0a0a, 0x0a0a, 0x0a0a, 0x0a0a, 0x0a0a, 0x0a0a, 0x0a0a,
    0x0a0a, 0x0a0a, 0x0a0a, 0x0a0a, 0x0a0a, 0x0a0a, 0x0a0a, 0x0a0a, 0x0a0a, 0x0a0a, 0x0a0a, 0x0a0a,
    0x0a0a, 0x0a0a, 0x0a0a, 0x0a0a, 0x0a0a, 0x0a0a, 0x0a0a, 0x0a0a, 0x0a0a, 0x0a0a, 0x0a0a, 0x0a0a,
    0x0a0a, 0x0a0a, 0x0a0a, 0x0a0a, 0x0a0a, 0x0a0a, 0x0a0a, 0x0a0a, 0x0a0a, 0x0a0a, 0x0a0a, 0x0a0a,
    0x0a0a, 0x0a0a, 0x0a0a, 0x0a0a, 0x0a0a, 0x0a0a, 0x0a0a, 0x0a0a, 0x0a0a, 0x0a0a, 0x0a0a, 0x0a0a,
    0x0a0a, 0x0a0a, 0x0a0a, 0x0a0a, 0x0a0a, 0x0a0a, 0x0a0a, 0x0a0a, 0x0a0a, 0x0a0a, 0x0a0a, 0x0a0a,
    0x0a0a, 0x0a0a, 0x0a0a, 0x0a0a, 0x0a0a, 0x0a0a, 0x0a0a, 0x0a0a, 0x0a0a, 0x0000, 0x0000, 0x0000,
    0x0000, 0x0000, 0x0000, 0x0000, 0x0000, 0x0a00, 0x0a0a, 0x0a0a, 0x0a0a, 0x0a0a, 0x0a0a, 0x0a0a,
    0x0a0a, 0x0a0a, 0x0a0a, 0x0a0a, 0x0a0a, 0x0a0a, 0x0a0a, 0x0a0a, 0x0a0a, 0x0a0a, 0x0a0a, 0x0a0a,
    0x0a0a, 0x0a0a, 0x0a0a, 0x0a0a, 0x0a0a, 0x0a0a, 0x0a0a, 0x0a0a, 0x0a0a, 0x0a0a, 0x0a0a, 0x0a0a,
    0x0a0a, 0x0a0a, 0x0a0a, 0x0a0a, 0x0a0a, 0x0a0a, 0x0a0a, 0x0a0a, 0x0a0a, 0x0a0a, 0x0a0a, 0x0a0a,
    0x0a0a, 0x0a0a, 0x0a0a, 0x0a0a, 0x0a0a, 0x0a0a, 0x0a0a, 0x0a0a, 0x0a0a, 0x0a0a, 0x0a0a, 0x0a0a,
    0x0a0a, 0x0a0a, 0x0a0a, 0x0a0a, 0x0a0a, 0x0a0a, 0x0a0a, 0x0a0a, 0x0a0a, 0x0a0a, 0x0a0a, 0x0a0a,
    0x0a0a, 0x0a0a, 0x0a0a, 0x0a0a, 0x0a0a, 0x0a0a, 0x0a0a, 0x0a0a, 0x0a0a, 0x0a0a, 0x0a0a, 0x0a0a,
    0x0a0a, 0x0a0a, 0x0a0a, 0x0a0a, 0x0a0a, 0x0a0a, 0x0a0a, 0x0a0a, 0x0a0a, 0x0a0a, 0x0a0a, 0x0a0a,
    0x0a0a, 0x0a0a, 0x0a0a, 0x0a0a, 0x0a0a, 0x0a0a, 0x0a0a, 0x0a0a, 0x0a0a, 0x0a0a, 0x0a0a, 0x0a0a,
    0x0a0a, 0x0a0a, 0x0a0a, 0x0a0a, 0x0a0a, 0x0a0a, 0x0000, 0x0000, 0x0000, 0x0000, 0x0000, 0x0000,
    0x0000, 0x0000, 0x0000, 0x0000, 0x0000, 0x0000, 0x0000, 0x0000, 0x0a00, 0x0a0a, 0x0a0a, 0x0a0a,
    0x0a0a, 0x0a0a, 0x0a0a, 0x0a0a, 0x0a0a, 0x0a0a, 0x0a0a, 0x0a0a, 0x0a0a, 0x0a0a, 0x0a0a, 0x0a0a,
    0x0a0a, 0x0a0a, 0x0a0a, 0x0a0a, 0x0a0a, 0x0a0a, 0x0a0a, 0x0a0a, 0x0a0a, 0x0a0a, 0x0a0a, 0x0a0a,
    0x0a0a, 0x0a0a, 0x0a0a, 0x0a0a, 0x0a0a, 0x0a0a, 0x0a0a, 0x0a0a, 0x0a0a, 0x0a0a, 0x0a0a, 0x0a0a,
    0x0a0a, 0x0a0a, 0x0a0a, 0x0a0a, 0x0a0a, 0x0a0a, 0x0a0a, 0x0a0a, 0x0a0a, 0x0a0a, 0x0a0a, 0x0a0a,
    0x0a0a, 0x0a0a, 0x0a0a, 0x0a0a, 0x0a0a, 0x0a0a, 0x0a0a, 0x0a0a, 0x0a0a, 0x0a0a, 0x0a0a, 0x0a0a,
    0x0a0a, 0x0a0a, 0x0a0a, 0x0a0a, 0x0a0a, 0x0a0a, 0x0a0a, 0x0a0a, 0x0a0a, 0x0a0a, 0x0a0a, 0x0a0a,
    0x0a0a, 0x0a0a, 0x0a0a, 0x0a0a, 0x0a0a, 0x0a0a, 0x0a0a, 0x0a0a, 0x0a0a, 0x0a0a, 0x0a0a, 0x0a0a,
    0x0a0a, 0x0a0a, 0x0a0a, 0x0a0a, 0x0a0a, 0x0a0a, 0x0a0a, 0x0a0a, 0x0a0a, 0x0a0a, 0x0a0a, 0x0a0a,
    0x0a0a, 0x0a0a, 0x0a0a, 0x0a0a, 0x0000, 0x0000, 0x0000, 0x0000, 0x0000, 0x0000, 0x0000, 0x0000,
    0x0000, 0x0000, 0x0000, 0x0000, 0x0000, 0x0000, 0x0000, 0x0000, 0x0000, 0x0000, 0x0a00, 0x0a0a,
    0x0a0a, 0x0a0a, 0x0a0a, 0x0a0a, 0x0a0a, 0x0a0a, 0x0a0a, 0x0a0a, 0x0a0a, 0x0a0a, 0x0a0a, 0x0a0a,
    0x0a0a, 0x0a0a, 0x0a0a, 0x0a0a, 0x0a0a, 0x0a0a, 0x0a0a, 0x0a0a, 0x0a0a, 0x0a0a, 0x0a0a, 0x0a0a,
    0x0a0a, 0x0a0a, 0x0a0a, 0x0a0a, 0x0a0a, 0x0a0a, 0x0a0a, 0x0a0a, 0x0a0a, 0x0a0a, 0x0a0a, 0x0a0a,
    0x0a0a, 0x0a0a, 0x0a0a, 0x0a0a, 0x0a0a, 0x0a0a, 0x0a0a, 0x0a0a, 0x0a0a, 0x0a0a, 0x0a0a, 0x0a0a,
    0x0a0a, 0x0a0a, 0x0a0a, 0x0a0a, 0x0a0a, 0x0a0a, 0x0a0a, 0x0a0a, 0x0a0a, 0x0a0a, 0x0a0a, 0x0a0a,
    0x0a0a, 0x0a0a, 0x0a0a, 0x0a0a, 0x0a0a, 0x0a0a, 0x0a0a, 0x0a0a, 0x0a0a, 0x0a0a, 0x0a0a, 0x0a0a,
    0x0a0a, 0x0a0a, 0x0a0a, 0x0a0a, 0x0a0a, 0x0a0a, 0x0a0a, 0x0a0a, 0x0a0a, 0x0a0a, 0x0a0a, 0x0a0a,
    0x0a0a, 0x0a0a, 0x0a0a, 0x0a0a, 0x0a0a, 0x0a0a, 0x0a0a, 0x0a0a, 0x0a0a, 0x0a0a, 0x0a0a, 0x0a0a,
    0x0a0a, 0x0a0a, 0x000a, 0x0000, 0x0000, 0x0000, 0x0000, 0x0000, 0x0000, 0x0000, 0x0000, 0x0000,
    0x0000, 0x0000, 0x0000, 0x0000, 0x0000, 0x0000, 0x0000, 0x0000, 0x0000, 0x0000, 0x0000, 0x0000,
    0x0a0a, 0x0a0a, 0x0a0a, 0x0a0a, 0x0a0a, 0x0a0a, 0x0a0a, 0x0a0a, 0x0a0a, 0x0a0a, 0x0a0a, 0x0a0a,
    0x0a0a, 0x0a0a, 0x0a0a, 0x0a0a, 0x0a0a, 0x0a0a, 0x0a0a, 0x0a0a, 0x0a0a, 0x0a0a, 0x0a0a, 0x0a0a,
    0x0a0a, 0x0a0a, 0x0a0a, 0x0a0a, 0x0a0a, 0x0a0a, 0x0a0a, 0x0a0a, 0x0a0a, 0x0a0a, 0x0a0a, 0x0a0a,
    0x0a0a, 0x0a0a, 0x0a0a, 0x0a0a, 0x0a0a, 0x0a0a, 0x0a0a, 0x0a0a, 0x0a0a, 0x0a0a, 0x0a0a, 0x0a0a,
    0x0a0a, 0x0a0a, 0x0a0a, 0x0a0a, 0x0a0a, 0x0a0a, 0x0a0a, 0x0a0a, 0x0a0a, 0x0a0a, 0x0a0a, 0x0a0a,
    0x0a0a, 0x0a0a, 0x0a0a, 0x0a0a, 0x0a0a, 0x0a0a, 0x0a0a, 0x0a0a, 0x0a0a, 0x0a0a, 0x0a0a, 0x0a0a,
    0x0a0a, 0x0a0a, 0x0a0a, 0x0a0a, 0x0a0a, 0x0a0a, 0x0a0a, 0x0a0a, 0x0a0a, 0x0a0a, 0x0a0a, 0x0a0a,
    0x0a0a, 0x0a0a, 0x0a0a, 0x0a0a, 0x0a0a, 0x0a0a, 0x0a0a, 0x0a0a, 0x0a0a, 0x0a0a, 0x0a0a, 0x0a0a,
    0x0a0a, 0x0000, 0x0000, 0x0000, 0x0000, 0x0000, 0x0000, 0x0000, 0x0000, 0x0000, 0x0000, 0x0000,
    0x0000, 0x0000, 0x0000, 0x0000, 0x0000, 0x0000, 0x0000, 0x0000, 0x0000, 0x0000, 0x0000, 0x0000,
    0x0000, 0x0a00, 0x0a0a, 0x0a0a, 0x0a0a, 0x0a0a, 0x0a0a, 0x0a0a, 0x0a0a, 0x0a0a, 0x0a0a, 0x0a0a,
    0x0a0a, 0x0a0a, 0x0a0a, 0x0a0a, 0x0a0a, 0x0a0a, 0x0a0a, 0x0a0a, 0x0a0a, 0x0a0a, 0x0a0a, 0x0a0a,
    0x0a0a, 0x0a0a, 0x0a0a, 0x0a0a, 0x0a0a, 0x0a0a, 0x0a0a, 0x0a0a, 0x0a0a, 0x0a0a, 0x0a0a, 0x0a0a,
    0x0a0a, 0x0a0a, 0x0a0a, 0x0a0a, 0x0a0a, 0x0a0a, 0x0a0a, 0x0a0a, 0x0a0a, 0x0a0a, 0x0a0a, 0x0a0a,
    0x0a0a, 0x0a0a, 0x0a0a, 0x0a0a, 0x0a0a, 0x0a0a, 0x0a0a, 0x0a0a, 0x0a0a, 0x0a0a, 0x0a0a, 0x0a0a,
    0x0a0a, 0x0a0a, 0x0a0a, 0x0a0a, 0x0a0a, 0x0a0a, 0x0a0a, 0x0a0a, 0x0a0a, 0x0a0a, 0x0a0a, 0x0a0a,
    0x0a0a, 0x0a0a, 0x0a0a, 0x0a0a, 0x0a0a, 0x0a0a, 0x0a0a, 0x0a0a, 0x0a0a, 0x0a0a, 0x0a0a, 0x0a0a,
    0x0a0a, 0x0a0a, 0x0a0a, 0x0a0a, 0x0a0a, 0x0a0a, 0x0a0a, 0x0a0a, 0x0a0a, 0x0a0a, 0x0a0a, 0x0a0a,
    0x0000, 0x0000, 0x0000, 0x0000, 0x0000, 0x0000, 0x0000, 0x0000, 0x0000, 0x0000, 0x0000, 0x0000,
    0x0000, 0x0000, 0x0000, 0x0000, 0x0000, 0x0000, 0x0000, 0x0000, 0x0000, 0x0000, 0x0000, 0x0000,
    0x0000, 0x0000, 0x0a00, 0x0a0a, 0x0a0a, 0x0a0a, 0x0a0a, 0x0a0a, 0x0a0a, 0x0a0a, 0x0a0a, 0x0a0a,
    0x0a0a, 0x0a0a, 0x0a0a, 0x0a0a, 0x0a0a, 0x0a0a, 0x0a0a, 0x0a0a, 0x0a0a, 0x0a0a, 0x0a0a, 0x0a0a,
    0x0a0a, 0x0a0a, 0x0a0a, 0x0a0a, 0x0a0a, 0x0a0a, 0x0a0a, 0x0a0a, 0x0a0a, 0x0a0a, 0x0a0a, 0x0a0a,
    0x0a0a, 0x0a0a, 0x0a0a, 0x0a0a, 0x0a0a, 0x0a0a, 0x0a0a, 0x0a0a, 0x0a0a, 0x0a0a, 0x0a0a, 0x0a0a,
    0x0a0a, 0x0a0a, 0x0a0a, 0x0a0a, 0x0a0a, 0x0a0a, 0x0a0a, 0x0a0a, 0x0a0a, 0x0a0a, 0x0a0a, 0x0a0a,
    0x0a0a, 0x0a0a, 0x0a0a, 0x0a0a, 0x0a0a, 0x0a0a, 0x0a0a, 0x0a0a, 0x0a0a, 0x0a0a, 0x0a0a, 0x0a0a,
    0x0a0a, 0x0a0a, 0x0a0a, 0x0a0a, 0x0a0a, 0x0a0a, 0x0a0a, 0x0a0a, 0x0a0a, 0x0a0a, 0x0a0a, 0x0a0a,
    0x0a0a, 0x0a0a, 0x0a0a, 0x0a0a, 0x0a0a, 0x0a0a, 0x0a0a, 0x0a0a, 0x0a0a, 0x0a0a, 0x000a, 0x0000,
    0x0000, 0x0000, 0x0000, 0x0000, 0x0000, 0x0000, 0x0000, 0x0000, 0x0000, 0x0000, 0x0000, 0x0000,
    0x0000, 0x0000, 0x0000, 0x0000, 0x0000, 0x0000, 0x0000, 0x0000, 0x0000, 0x0000, 0x0000, 0x0000,
    0x0000, 0x0000, 0x0000, 0x0000, 0x0a0a, 0x0a0a, 0x0a0a, 0x0a0a, 0x0a0a, 0x0a0a, 0x0a0a, 0x0a0a,
    0x0a0a, 0x0a0a, 0x0a0a, 0x0a0a, 0x0a0a, 0x0a0a, 0x0a0a, 0x0a0a, 0x0a0a, 0x0a0a, 0x0a0a, 0x0a0a,
    0x0a0a, 0x0a0a, 0x0a0a, 0x0a0a, 0x0a0a, 0x0a0a, 0x0a0a, 0x0a0a, 0x0a0a, 0x0a0a, 0x0a0a, 0x0a0a,
    0x0a0a, 0x0a0a, 0x0a0a, 0x0a0a, 0x0a0a, 0x0a0a, 0x0a0a, 0x0a0a, 0x0a0a, 0x0a0a, 0x0a0a, 0x0a0a,
    0x0a0a, 0x0a0a, 0x0a0a, 0x0a0a, 0x0a0a, 0x0a0a, 0x0a0a, 0x0a0a, 0x0a0a, 0x0a0a, 0x0a0a, 0x0a0a,
    0x0a0a, 0x0a0a, 0x0a0a, 0x0a0a, 0x0a0a, 0x0a0a, 0x0a0a, 0x0a0a, 0x0a0a, 0x0a0a, 0x0a0a, 0x0a0a,
    0x0a0a, 0x0a0a, 0x0a0a, 0x0a0a, 0x0a0a, 0x0a0a, 0x0a0a, 0x0a0a, 0x0a0a, 0x0a0a, 0x0a0a, 0x0a0a,
    0x0a0a, 0x0a0a, 0x0a0a, 0x0a0a, 0x0a0a, 0x0a0a, 0x0a0a, 0x0a0a, 0x0a0a, 0x000a, 0x0000, 0x0000,
    0x0000, 0x0000, 0x0000, 0x0000, 0x0000, 0x0000, 0x0000, 0x0000, 0x0000, 0x0000, 0x0000, 0x0000,
    0x0000, 0x0000, 0x0000, 0x0000, 0x0000, 0x0000, 0x0000, 0x0000, 0x0000, 0x0000, 0x0000, 0x0000,
    0x0000, 0x0000, 0x0000, 0x0000, 0x0000, 0x0a0a, 0x0a0a, 0x0a0a, 0x0a0a, 0x0a0a, 0x0a0a, 0x0a0a,
    0x0a0a, 0x0a0a, 0x0a0a, 0x0a0a, 0x0a0a, 0x0a0a, 0x0a0a, 0x0a0a, 0x0a0a, 0x0a0a, 0x0a0a, 0x0a0a,
    0x0a0a, 0x0a0a, 0x0a0a, 0x0a0a, 0x0a0a, 0x0a0a, 0x0a0a, 0x0a0a, 0x0a0a, 0x0a0a, 0x0a0a, 0x0a0a,
    0x0a0a, 0x0a0a, 0x0a0a, 0x0a0a, 0x0a0a, 0x0a0a, 0x0a0a, 0x0a0a, 0x0a0a, 0x0a0a, 0x0a0a, 0x0a0a,
    0x0a0a, 0x0a0a, 0x0a0a, 0x0a0a, 0x0a0a, 0x0a0a, 0x0a0a, 0x0a0a, 0x0a0a, 0x0a0a, 0x0a0a, 0x0a0a,
    0x0a0a, 0x0a0a, 0x0a0a, 0x0a0a, 0x0a0a, 0x0a0a, 0x0a0a, 0x0a0a, 0x0a0a, 0x0a0a, 0x0a0a, 0x0a0a,
    0x0a0a, 0x0a0a, 0x0a0a, 0x0a0a, 0x0a0a, 0x0a0a, 0x0a0a, 0x0a0a, 0x0a0a, 0x0a0a, 0x0a0a, 0x0a0a,
    0x0a0a, 0x0a0a, 0x0a0a, 0x0a0a, 0x0a0a, 0x0a0a, 0x0a0a, 0x0a0a, 0x0a0a, 0x0000, 0x0000, 0x0000,
    0x0000, 0x0000, 0x0000, 0x0000, 0x0000, 0x0000, 0x0000, 0x0000, 0x0000, 0x0000, 0x0000, 0x0000,
    0x0000, 0x0000, 0x0000, 0x0000, 0x0000, 0x0000, 0x0000, 0x0000, 0x0000, 0x0000, 0x0000, 0x0000,
    0x0000, 0x0000, 0x0000, 0x0000, 0x0000, 0x0a00, 0x0a0a, 0x0a0a, 0x0a0a, 0x0a0a, 0x0a0a, 0x0a0a,
    0x0a0a, 0x0a0a, 0x0a0a, 0x0a0a, 0x0a0a, 0x0a0a, 0x0a0a, 0x0a0a, 0x0a0a, 0x0a0a, 0x0a0a, 0x0a0a,
    0x0a0a, 0x0a0a, 0x0a0a, 0x0a0a, 0x0a0a, 0x0a0a, 0x0a0a, 0x0a0a, 0x0a0a, 0x0a0a, 0x0a0a, 0x0a0a,
    0x0a0a, 0x0a0a, 0x0a0a, 0x0a0a, 0x0a0a, 0x0a0a, 0x0a0a, 0x0a0a, 0x0a0a, 0x0a0a, 0x0a0a, 0x0a0a,
    0x0a0a, 0x0a0a, 0x0a0a, 0x0a0a, 0x0a0a, 0x0a0a, 0x0a0a, 0x0a0a, 0x0a0a, 0x0a0a, 0x0a0a, 0x0a0a,
    0x0a0a, 0x0a0a, 0x0a0a, 0x0a0a, 0x0a0a, 0x0a0a, 0x0a0a, 0x0a0a, 0x0a0a, 0x0a0a, 0x0a0a, 0x0a0a,
    0x0a0a, 0x0a0a, 0x0a0a, 0x0a0a, 0x0a0a, 0x0a0a, 0x0a0a, 0x0a0a, 0x0a0a, 0x0a0a, 0x0a0a, 0x0a0a,
    0x0a0a, 0x0a0a, 0x0a0a, 0x0a0a, 0x0a0a, 0x0a0a, 0x0a0a, 0x0a0a, 0x0000, 0x0000, 0x0000, 0x0000,
    0x0000, 0x0000, 0x0000, 0x0000, 0x0000, 0x0000, 0x0000, 0x0000, 0x0000, 0x0000, 0x0000, 0x0000,
    0x0000, 0x0000, 0x0000, 0x0000, 0x0000, 0x0000, 0x0000, 0x0000, 0x0000, 0x0000, 0x0000, 0x0000,
    0x0000, 0x0000, 0x0000, 0x0000, 0x0000, 0x0000, 0x0a00, 0x0a0a, 0x0a0a, 0x0a0a, 0x0a0a, 0x0a0a,
    0x0a0a, 0x0a0a, 0x0a0a, 0x0a0a, 0x0a0a, 0x0a0a, 0x0a0a, 0x0a0a, 0x0a0a, 0x0a0a, 0x0a0a, 0x0a0a,
    0x0a0a, 0x0a0a, 0x0a0a, 0x0a0a, 0x0a0a, 0x0a0a, 0x0a0a, 0x0a0a, 0x0a0a, 0x0a0a, 0x0a0a, 0x0a0a,
    0x0a0a, 0x0a0a, 0x0a0a, 0x0a0a, 0x0a0a, 0x0a0a, 0x0a0a, 0x0a0a, 0x0a0a, 0x0a0a, 0x0a0a, 0x0a0a,
    0x0a0a, 0x0a0a, 0x0a0a, 0x0a0a, 0x0a0a, 0x0a0a, 0x0a0a, 0x0a0a, 0x0a0a, 0x0a0a, 0x0a0a, 0x0a0a,
    0x0a0a, 0x0a0a, 0x0a0a, 0x0a0a, 0x0a0a, 0x0a0a, 0x0a0a, 0x0a0a, 0x0a0a, 0x0a0a, 0x0a0a, 0x0a0a,
    0x0a0a, 0x0a0a, 0x0a0a, 0x0a0a, 0x0a0a, 0x0a0a, 0x0a0a, 0x0a0a, 0x0a0a, 0x0a0a, 0x0a0a, 0x0a0a,
    0x0a0a, 0x0a0a, 0x0a0a, 0x0a0a, 0x0a0a, 0x0a0a, 0x0a0a, 0x0000, 0x0000, 0x0000, 0x0000, 0x0000,
    0x0000, 0x0000, 0x0000, 0x0000, 0x0000, 0x0000, 0x0000, 0x0000, 0x0000, 0x0000, 0x0000, 0x0000,
    0x0000, 0x0000, 0x0000, 0x0000, 0x0000, 0x0000, 0x0000, 0x0000, 0x0000, 0x0000, 0x0000, 0x0000,
    0x0000, 0x0000, 0x0000, 0x0000, 0x0000, 0x0000, 0x0000, 0x0a00, 0x0a0a, 0x0a0a, 0x0a0a, 0x0a0a,
    0x0a0a, 0x0a0a, 0x0a0a, 0x0a0a, 0x0a0a, 0x0a0a, 0x0a0a, 0x0a0a, 0x0a0a, 0x0a0a, 0x0a0a, 0x0a0a,
    0x0a0a, 0x0a0a, 0x0a0a, 0x0a0a, 0x0a0a, 0x0a0a, 0x0a0a, 0x0a0a, 0x0a0a, 0x0a0a, 0x0a0a, 0x0a0a,
    0x0a0a, 0x0a0a, 0x0a0a, 0x0a0a, 0x0a0a, 0x0a0a, 0x0a0a, 0x0a0a, 0x0a0a, 0x0a0a, 0x0a0a, 0x0a0a,
    0x0a0a, 0x0a0a, 0x0a0a, 0x0a0a, 0x0a0a, 0x0a0a, 0x0a0a, 0x0a0a, 0x0a0a, 0x0a0a, 0x0a0a, 0x0a0a,
    0x0a0a, 0x0a0a, 0x0a0a, 0x0a0a, 0x0a0a, 0x0a0a, 0x0a0a, 0x0a0a, 0x0a0a, 0x0a0a, 0x0a0a, 0x0a0a,
    0x0a0a, 0x0a0a, 0x0a0a, 0x0a0a, 0x0a0a, 0x0a0a, 0x0a0a, 0x0a0a, 0x0a0a, 0x0a0a, 0x0a0a, 0x0a0a,
    0x0a0a, 0x0a0a, 0x0a0a, 0x0a0a, 0x0a0a, 0x0a0a, 0x000a, 0x0000, 0x0000, 0x0000, 0x0000, 0x0000,
    0x0000, 0x0000, 0x0000, 0x0000, 0x0000, 0x0000, 0x0000, 0x0000, 0x0000, 0x0000, 0x0000, 0x0000,
    0x0000, 0x0000, 0x0000, 0x0000, 0x0000, 0x0000, 0x0000, 0x0000, 0x0000, 0x0000, 0x0000, 0x0000,
    0x0000, 0x0000, 0x0000, 0x0000, 0x0000, 0x0000, 0x0000, 0x0000, 0x0a0a, 0x0a0a, 0x0a0a, 0x0a0a,
    0x0a0a, 0x0a0a, 0x0a0a, 0x0a0a, 0x0a0a, 0x0a0a, 0x0a0a, 0x0a0a, 0x0a0a, 0x0a0a, 0x0a0a, 0x0a0a,
    0x0a0a, 0x0a0a, 0x0a0a, 0x0a0a, 0x0a0a, 0x0a0a, 0x0a0a, 0x0a0a, 0x0a0a, 0x0a0a, 0x0a0a, 0x0a0a,
    0x0a0a, 0x0a0a, 0x0a0a, 0x0a0a, 0x0a0a, 0x0a0a, 0x0a0a, 0x0a0a, 0x0a0a, 0x0a0a, 0x0a0a, 0x0a0a,
    0x0a0a, 0x0a0a, 0x0a0a, 0x0a0a, 0x0a0a, 0x0a0a, 0x0a0a, 0x0a0a, 0x0a0a, 0x0a0a, 0x0a0a, 0x0a0a,
    0x0a0a, 0x0a0a, 0x0a0a, 0x0a0a, 0x0a0a, 0x0a0a, 0x0a0a, 0x0a0a, 0x0a0a, 0x0a0a, 0x0a0a, 0x0a0a,
    0x0a0a, 0x0a0a, 0x0a0a, 0x0a0a, 0x0a0a, 0x0a0a, 0x0a0a, 0x0a0a, 0x0a0a, 0x0a0a, 0x0a0a, 0x0a0a,
    0x0a0a, 0x0a0a, 0x0a0a, 0x0a0a, 0x0a0a, 0x0a0a, 0x0000, 0x0000, 0x0000, 0x0000, 0x0000, 0x0000,
    0x0000, 0x0000, 0x0000, 0x0000, 0x0000, 0x0000, 0x0000, 0x0000, 0x0000, 0x0000, 0x0000, 0x0000,
    0x0000, 0x0000, 0x0000, 0x0000, 0x0000, 0x0000, 0x0000, 0x0000, 0x0000, 0x0000, 0x0000, 0x0000,
    0x0000, 0x0000, 0x0000, 0x0000, 0x0000, 0x0000, 0x0000, 0x0000, 0x0a00, 0x0a0a, 0x0a0a, 0x0a0a,
    0x0a0a, 0x0a0a, 0x0a0a, 0x0a0a, 0x0a0a, 0x0a0a, 0x0a0a, 0x0a0a, 0x0a0a, 0x0a0a, 0x0a0a, 0x0a0a,
    0x0a0a, 0x0a0a, 0x0a0a, 0x0a0a, 0x0a0a, 0x0a0a, 0x0a0a, 0x0a0a, 0x0a0a, 0x0a0a, 0x0a0a, 0x0a0a,
    0x0a0a, 0x0a0a, 0x0a0a, 0x0a0a, 0x0a0a, 0x0a0a, 0x0a0a, 0x0a0a, 0x0a0a, 0x0a0a, 0x0a0a, 0x0a0a,
    0x0a0a, 0x0a0a, 0x0a0a, 0x0a0a, 0x0a0a, 0x0a0a, 0x0a0a, 0x0a0a, 0x0a0a, 0x0a0a, 0x0a0a, 0x0a0a,
    0x0a0a, 0x0a0a, 0x0a0a, 0x0a0a, 0x0a0a, 0x0a0a, 0x0a0a, 0x0a0a, 0x0a0a, 0x0a0a, 0x0a0a, 0x0a0a,
    0x0a0a, 0x0a0a, 0x0a0a, 0x0a0a, 0x0a0a, 0x0a0a, 0x0a0a, 0x0a0a, 0x0a0a, 0x0a0a, 0x0a0a, 0x0a0a,
    0x0a0a, 0x0a0a, 0x0a0a, 0x0a0a, 0x0a0a, 0x0000, 0x0000, 0x0000, 0x0000, 0x0000, 0x0000, 0x0000,
    0x0000, 0x0000, 0x0000, 0x0000, 0x0000, 0x0000, 0x0000, 0x0000, 0x0000, 0x0000, 0x0000, 0x0000,
    0x0000, 0x0000, 0x0000, 0x0000, 0x0000, 0x0000, 0x0000, 0x0000, 0x0000, 0x0000, 0x0000, 0x0000,
    0x0000, 0x0000, 0x0000, 0x0000, 0x0000, 0x0000, 0x0000, 0x0000, 0x0000, 0x0a00, 0x0a0a, 0x0a0a,
    0x0a0a, 0x0a0a, 0x0a0a, 0x0a0a, 0x0a0a, 0x0a0a, 0x0a0a, 0x0a0a, 0x0a0a, 0x0a0a, 0x0a0a, 0x0a0a,
    0x0a0a, 0x0a0a, 0x0a0a, 0x0a0a, 0x0a0a, 0x0a0a, 0x0a0a, 0x0a0a, 0x0a0a, 0x0a0a, 0x0a0a, 0x0a0a,
    0x0a0a, 0x0a0a, 0x0a0a, 0x0a0a, 0x0a0a, 0x0a0a, 0x0a0a, 0x0a0a, 0x0a0a, 0x0a0a, 0x0a0a, 0x0d0a,
    0x0d0d, 0x0d0d, 0x0d0d, 0x0d0d, 0x0a0a, 0x0a0a, 0x0a0a, 0x0a0a, 0x0a0a, 0x0a0a, 0x0a0a, 0x0a0a,
    0x0a0a, 0x0a0a, 0x0a0a, 0x0a0a, 0x0a0a, 0x0a0a, 0x0a0a, 0x0a0a, 0x0a0a, 0x0a0a, 0x0a0a, 0x0a0a,
    0x0a0a, 0x0a0a, 0x0a0a, 0x0a0a, 0x0a0a, 0x0a0a, 0x0a0a, 0x0a0a, 0x0a0a, 0x0a0a, 0x0a0a, 0x0a0a,
    0x0a0a, 0x0a0a, 0x0a0a, 0x0a0a, 0x000a, 0x0000, 0x0000, 0x0000, 0x0000, 0x0000, 0x0000, 0x0000,
    0x0000, 0x0000, 0x0000, 0x0000, 0x0000, 0x0000, 0x0000, 0x0000, 0x0000, 0x0000, 0x0000, 0x0000,
    0x0000, 0x0000, 0x0000, 0x0000, 0x0000, 0x0000, 0x0000, 0x0000, 0x0000, 0x0000, 0x0000, 0x0000,
    0x0000, 0x0000, 0x0000, 0x0000, 0x0000, 0x0000, 0x0000, 0x0000, 0x0000, 0x0000, 0x0a0a, 0x0a0a,
    0x0a0a, 0x0a0a, 0x0a0a, 0x0a0a, 0x0a0a, 0x0a0a, 0x0a0a, 0x0a0a, 0x0a0a, 0x0a0a, 0x0a0a, 0x0a0a,
    0x0a0a, 0x0a0a, 0x0a0a, 0x0a0a, 0x0a0a, 0x0a0a, 0x0a0a, 0x0a0a, 0x0a0a, 0x0a0a, 0x0a0a, 0x0a0a,
    0x0a0a, 0x0a0a, 0x0a0a, 0x0a0a, 0x0a0a, 0x0a0a, 0x0a0a, 0x0a0a, 0x0a0a, 0x0a0a, 0x0d0d, 0x0d0d,
    0x0d0d, 0x0d01, 0x0d0d, 0x0d0d, 0x0d0d, 0x0d0d, 0x0d0d, 0x0d0d, 0x0a0d, 0x0a0a, 0x0a0a, 0x0a0a,
    0x0a0a, 0x0a0a, 0x0a0a, 0x0a0a, 0x0a0a, 0x0a0a, 0x0a0a, 0x0a0a, 0x0a0a, 0x0a0a, 0x0a0a, 0x0a0a,
    0x0a0a, 0x0a0a, 0x0a0a, 0x0a0a, 0x0a0a, 0x0a0a, 0x0a0a, 0x0a0a, 0x0a0a, 0x0a0a, 0x0a0a, 0x0a0a,
    0x0a0a, 0x0a0a, 0x0a0a, 0x0a0a, 0x0003, 0x0000, 0x0000, 0x0000, 0x0000, 0x0000, 0x0000, 0x0000,
    0x0000, 0x0000, 0x0000, 0x0000, 0x0000, 0x0000, 0x0000, 0x0000, 0x0000, 0x0000, 0x0000, 0x0000,
    0x0000, 0x0000, 0x0000, 0x0000, 0x0000, 0x0000, 0x0000, 0x0000, 0x0000, 0x0000, 0x0000, 0x0000,
    0x0000, 0x0000, 0x0000, 0x0000, 0x0000, 0x0000, 0x0000, 0x0000, 0x0000, 0x0000, 0x0a00, 0x0a0a,
    0x0a0a, 0x0a0a, 0x0a0a, 0x0a0a, 0x0a0a, 0x0a0a, 0x0a0a, 0x0a0a, 0x0a0a, 0x0a0a, 0x0a0a, 0x0a0a,
    0x0a0a, 0x0a0a, 0x0a0a, 0x0a0a, 0x0a0a, 0x0a0a, 0x0a0a, 0x0a0a, 0x0a0a, 0x0a0a, 0x0a0a, 0x0a0a,
    0x0a0a, 0x0a0a, 0x0a0a, 0x0a0a, 0x0a0a, 0x0a0a, 0x0a0a, 0x0a0a, 0x0a0a, 0x0d0a, 0x0d0d, 0x0101,
    0x0101, 0x0101, 0x0101, 0x0101, 0x0101, 0x0d01, 0x0d0d, 0x0d0d, 0x0d0d, 0x0d0d, 0x0d0d, 0x0d0d,
    0x0a0d, 0x0a0a, 0x0a0a, 0x0a0a, 0x0a0a, 0x0a0a, 0x0a0a, 0x0a0a, 0x0a0a, 0x0a0a, 0x0a0a, 0x0a0a,
    0x0a0a, 0x0a0a, 0x0a0a, 0x0a0a, 0x0a0a, 0x0a0a, 0x0a0a, 0x0a0a, 0x0a0a, 0x0a0a, 0x0a0a, 0x0a0a,
    0x0a0a, 0x0a0a, 0x0a0a, 0x030a, 0x0000, 0x0000, 0x0000, 0x0000, 0x0000, 0x0000, 0x0000, 0x0000,
    0x0000, 0x0000, 0x0000, 0x0000, 0x0000, 0x0000, 0x0000, 0x0000, 0x0000, 0x0000, 0x0000, 0x0000,
    0x0000, 0x0000, 0x0000, 0x0000, 0x0000, 0x0000, 0x0000, 0x0000, 0x0000, 0x0000, 0x0000, 0x0000,
    0x0000, 0x0000, 0x0000, 0x0000, 0x0000, 0x0000, 0x0000, 0x0000, 0x0000, 0x0000, 0x0000, 0x0a0a,
    0x0a0a, 0x0a0a, 0x0a0a, 0x0a0a, 0x0a0a, 0x0a0a, 0x0a0a, 0x0a0a, 0x0a0a, 0x0a0a, 0x0a0a, 0x0a0a,
    0x0a0a, 0x0a0a, 0x0a0a, 0x0a0a, 0x0a0a, 0x0a0a, 0x0a0a, 0x0a0a, 0x0a0a, 0x0a0a, 0x0a0a, 0x0a0a,
    0x0a0a, 0x0a0a, 0x0a0a, 0x0a0a, 0x0a0a, 0x0a0a, 0x0a0a, 0x0a0a, 0x0a0a, 0x0d0a, 0x010d, 0x0101,
    0x0101, 0x0101, 0x0101, 0x0101, 0x0101, 0x0101, 0x0101, 0x0101, 0x0101, 0x0101, 0x0d0d, 0x0d0d,
    0x0d0d, 0x0d0d, 0x0d0d, 0x0d0d, 0x0d0d, 0x0a0a, 0x0a0a, 0x0a0a, 0x0a0a, 0x0a0a, 0x0a0a, 0x0a0a,
    0x0a0a, 0x0a0a, 0x0a0a, 0x0a0a, 0x0a0a, 0x0a0a, 0x0a0a, 0x0a0a, 0x0a0a, 0x0a0a, 0x0a0a, 0x0a0a,
    0x0a0a, 0x0a0a, 0x0a0a, 0x0003, 0x0000, 0x0000, 0x0000, 0x0000, 0x0000, 0x0000, 0x0000, 0x0000,
    0x0000, 0x0000, 0x0000, 0x0000, 0x0000, 0x0000, 0x0000, 0x0000, 0x0000, 0x0000, 0x0000, 0x0000,
    0x0000, 0x0000, 0x0000, 0x0000, 0x0000, 0x0000, 0x0000, 0x0000, 0x0000, 0x0000, 0x0000, 0x0000,
    0x0000, 0x0000, 0x0000, 0x0000, 0x0000, 0x0000, 0x0000, 0x0000, 0x0000, 0x0000, 0x0000, 0x0a00,
    0x0a0a, 0x0a0a, 0x0a0a, 0x0a0a, 0x0a0a, 0x0a0a, 0x0a0a, 0x0a0a, 0x0a0a, 0x0a0a, 0x0a0a, 0x0a0a,
    0x0a0a, 0x0a0a, 0x0a0a, 0x0a0a, 0x0a0a, 0x0a0a, 0x0a0a, 0x0a0a, 0x0a0a, 0x0a0a, 0x0a0a, 0x0a0a,
    0x0a0a, 0x0a0a, 0x0a0a, 0x0a0a, 0x0a0a, 0x0a0a, 0x0a0a, 0x0a0a, 0x0a0a, 0x0d0d, 0x0101, 0x0101,
    0x0101, 0x0101, 0x0101, 0x0101, 0x0101, 0x0101, 0x0101, 0x0101, 0x0101, 0x0101, 0x0101, 0x0101,
    0x0101, 0x0101, 0x0d0d, 0x0d0d, 0x0d0d, 0x0d0d, 0x0d0d, 0x0d0d, 0x0d0d, 0x0a0a, 0x0a0a, 0x0a0a,
    0x0a0a, 0x0a0a, 0x0a0a, 0x0a0a, 0x0a0a, 0x0a0a, 0x0a0a, 0x0a0a, 0x0a0a, 0x0a0a, 0x0a0a, 0x0a0a,
    0x0a0a, 0x0a0a, 0x030a, 0x0000, 0x0000, 0x0000, 0x0000, 0x0000, 0x0000, 0x0000, 0x0000, 0x0000,
    0x0000, 0x0000, 0x0000, 0x0000, 0x0000, 0x0000, 0x0000, 0x0000, 0x0000, 0x0000, 0x0000, 0x0000,
    0x0000, 0x0000, 0x0000, 0x0000, 0x0000, 0x0000, 0x0000, 0x0000, 0x0000, 0x0000, 0x0000, 0x0000,
    0x0000, 0x0000, 0x0000, 0x0000, 0x0000, 0x0000, 0x0000, 0x0000, 0x0000, 0x0000, 0x0000, 0x0000,
    0x0a0a, 0x0a0a, 0x0a0a, 0x0a0a, 0x0a0a, 0x0a0a, 0x0a0a, 0x0a0a, 0x0a0a, 0x0a0a, 0x0a0a, 0x0a0a,
    0x0a0a, 0x0a0a, 0x0a0a, 0x0a0a, 0x0a0a, 0x0a0a, 0x0a0a, 0x0a0a, 0x0a0a, 0x0a0a, 0x0a0a, 0x0a0a,
    0x0a0a, 0x0a0a, 0x0a0a, 0x0a0a, 0x0a0a, 0x0a0a, 0x0a0a, 0x0a0a, 0x0d0a, 0x0d0d, 0x0101, 0x0101,
    0x0101, 0x0101, 0x0101, 0x0101, 0x0101, 0x0101, 0x0101, 0x0101, 0x0101, 0x0101, 0x0101, 0x0101,
    0x0101, 0x0101, 0x0101, 0x0101, 0x0101, 0x0101, 0x0d01, 0x0d0d, 0x0d0d, 0x0d0d, 0x0d0d, 0x0d0d,
    0x0d0d, 0x0a0d, 0x0a0a, 0x0a0a, 0x0a0a, 0x0a0a, 0x0a0a, 0x0a0a, 0x0a0a, 0x0a0a, 0x0a0a, 0x0a0a,
    0x0a0a, 0x0a0a, 0x0303, 0x0000, 0x0000, 0x0000, 0x0000, 0x0000, 0x0000, 0x0000, 0x0000, 0x0000,
    0x0000, 0x0000, 0x0000, 0x0000, 0x0000, 0x0000, 0x0000, 0x0000, 0x0000, 0x0000, 0x0000, 0x0000,
    0x0000, 0x0000, 0x0000, 0x0000, 0x0000, 0x0000, 0x0000, 0x0000, 0x0000, 0x0000, 0x0000, 0x0000,
    0x0000, 0x0000, 0x0000, 0x0000, 0x0000, 0x0000, 0x0000, 0x0000, 0x0000, 0x0000, 0x0000, 0x0000,
    0x0a00, 0x0a0a, 0x0a0a, 0x0a0a, 0x0a0a, 0x0a0a, 0x0a0a, 0x0a0a, 0x0a0a, 0x0a0a, 0x0a0a, 0x0a0a,
    0x0a0a, 0x0a0a, 0x0a0a, 0x0a0a, 0x0a0a, 0x0a0a, 0x0a0a, 0x0a0a, 0x0a0a, 0x0a0a, 0x0a0a, 0x0a0a,
    0x0a0a, 0x0a0a, 0x0a0a, 0x0a0a, 0x0a0a, 0x0a0a, 0x0a0a, 0x0a0a, 0x0d0a, 0x010d, 0x0101, 0x0101,
    0x0101, 0x0101, 0x0101, 0x0101, 0x0101, 0x0101, 0x0101, 0x0101, 0x0101, 0x0101, 0x0101, 0x0101,
    0x0101, 0x0101, 0x0101, 0x0101, 0x0101, 0x0101, 0x0101, 0x0101, 0x0101, 0x0101, 0x0101, 0x0d0d,
    0x0d0d, 0x0d0d, 0x0d0d, 0x0d0d, 0x0d0d, 0x0d0d, 0x0a0a, 0x0a0a, 0x0a0a, 0x0a0a, 0x0a0a, 0x0a0a,
    0x0a0a, 0x030a, 0x0003, 0x0000, 0x0000, 0x0000, 0x0000, 0x0000, 0x0000, 0x0000, 0x0000, 0x0000,
    0x0000, 0x0000, 0x0000, 0x0000, 0x0000, 0x0000, 0x0000, 0x0000, 0x0000, 0x0000, 0x0000, 0x0000,
    0x0000, 0x0000, 0x0000, 0x0000, 0x0000, 0x0000, 0x0000, 0x0000, 0x0000, 0x0000, 0x0000, 0x0000,
    0x0000, 0x0000, 0x0000, 0x0000, 0x0000, 0x0000, 0x0000, 0x0000, 0x0000, 0x0000, 0x0000, 0x0000,
    0x0000, 0x0a0a, 0x0a0a, 0x0a0a, 0x0a0a, 0x0a0a, 0x0a0a, 0x0a0a, 0x0a0a, 0x0a0a, 0x0a0a, 0x0a0a,
    0x0a0a, 0x0a0a, 0x0a0a, 0x0a0a, 0x0a0a, 0x0a0a, 0x0a0a, 0x0a0a, 0x0a0a, 0x0a0a, 0x0a0a, 0x0a0a,
    0x0a0a, 0x0a0a, 0x0a0a, 0x0a0a, 0x0a0a, 0x0a0a, 0x0a0a, 0x0a0a, 0x0d0d, 0x010d, 0x0101, 0x0101,
    0x0101, 0x0101, 0x0101, 0x0101, 0x0101, 0x0101, 0x0101, 0x0101, 0x0101, 0x0101, 0x0101, 0x0101,
    0x0101, 0x0101, 0x0101, 0x0101, 0x0101, 0x0101, 0x0101, 0x0101, 0x0101, 0x0101, 0x0101, 0x0101,
    0x0101, 0x0101, 0x0101, 0x0d0d, 0x0d0d, 0x0d0d, 0x0d0d, 0x0d0d, 0x0d0d, 0x0d0d, 0x0a0d, 0x0a0a,
    0x0a0a, 0x0303, 0x0003, 0x0000, 0x0000, 0x0000, 0x0000, 0x0000, 0x0000, 0x0000, 0x0000, 0x0000,
    0x0000, 0x0000, 0x0000, 0x0000, 0x0000, 0x0000, 0x0000, 0x0000, 0x0000, 0x0000, 0x0000, 0x0000,
    0x0000, 0x0000, 0x0000, 0x0000, 0x0000, 0x0000, 0x0000, 0x0303, 0x0303, 0x0303, 0x0003, 0x0000,
    0x0000, 0x0000, 0x0000, 0x0000, 0x0000, 0x0000, 0x0000, 0x0000, 0x0000, 0x0000, 0x0000, 0x0000,
    0x0000, 0x0a00, 0x0a0a, 0x0a0a, 0x0a0a, 0x0a0a, 0x0a0a, 0x0a0a, 0x0a0a, 0x0a0a, 0x0a0a, 0x0a0a,
    0x0a0a, 0x0a0a, 0x0a0a, 0x0a0a, 0x0a0a, 0x0a0a, 0x0a0a, 0x0a0a, 0x0a0a, 0x0a0a, 0x0a0a, 0x0a0a,
    0x0a0a, 0x0a0a, 0x0a0a, 0x0a0a, 0x0a0a, 0x0a0a, 0x0a0a, 0x0a0a, 0x0d0d, 0x0101, 0x0101, 0x0101,
    0x0101, 0x0101, 0x0101, 0x0101, 0x0101, 0x0101, 0x0101, 0x0101, 0x0101, 0x0101, 0x0101, 0x0101,
    0x0101, 0x0101, 0x0101, 0x0101, 0x0101, 0x0101, 0x0101, 0x0101, 0x0101, 0x0101, 0x0101, 0x0101,
    0x0101, 0x0101, 0x0101, 0x0101, 0x0101, 0x0101, 0x0101, 0x0101, 0x0d0d, 0x0d0d, 0x0d0d, 0x0d0d,
    0x0d0d, 0x0d0d, 0x0d0d, 0x000d, 0x0000, 0x0000, 0x0000, 0x0000, 0x0000, 0x0000, 0x0000, 0x0000,
    0x0000, 0x0000, 0x0000, 0x0000, 0x0000, 0x0000, 0x0000, 0x0000, 0x0000, 0x0000, 0x0000, 0x0000,
    0x0000, 0x0000, 0x0000, 0x0000, 0x0000, 0x0300, 0x0303, 0x0303, 0x0303, 0x0003, 0x0000, 0x0300,
    0x0303, 0x0003, 0x0000, 0x0000, 0x0000, 0x0000, 0x0000, 0x0000, 0x0000, 0x0000, 0x0000, 0x0000,
    0x0000, 0x0000, 0x0a0a, 0x0a0a, 0x0a0a, 0x0a0a, 0x0a0a, 0x0a0a, 0x0a0a, 0x0a0a, 0x0a0a, 0x0a0a,
    0x0a0a, 0x0a0a, 0x0a0a, 0x0a0a, 0x0a0a, 0x0a0a, 0x0a0a, 0x0a0a, 0x0a0a, 0x0a0a, 0x0a0a, 0x0a0a,
    0x0a0a, 0x0a0a, 0x0a0a, 0x0a0a, 0x0a0a, 0x0a0a, 0x0a0a, 0x0d0a, 0x0d0d, 0x0101, 0x0101, 0x0101,
    0x0101, 0x0101, 0x0101, 0x0101, 0x0101, 0x0101, 0x0101, 0x0101, 0x0101, 0x0101, 0x0101, 0x0101,
    0x0101, 0x0101, 0x0101, 0x0101, 0x0101, 0x0101, 0x0101, 0x0101, 0x0101, 0x0101, 0x0101, 0x0101,
    0x0101, 0x0101, 0x0101, 0x0101, 0x0101, 0x0101, 0x0101, 0x0101, 0x0101, 0x0101, 0x0101, 0x0101,
    0x0d01, 0x0d0d, 0x0d0d, 0x0d0d, 0x0d0d, 0x0d0d, 0x0d0d, 0x0000, 0x0000, 0x0000, 0x0000, 0x0000,
    0x0000, 0x0000, 0x0000, 0x0000, 0x0000, 0x0000, 0x0000, 0x0000, 0x0000, 0x0000, 0x0000, 0x0000,
    0x0000, 0x0000, 0x0000, 0x0000, 0x0300, 0x0303, 0x0303, 0x0303, 0x0000, 0x0000, 0x0300, 0x0303,
    0x0303, 0x0303, 0x0003, 0x0000, 0x0000, 0x0000, 0x0000, 0x0000, 0x0000, 0x0000, 0x0000, 0x0000,
    0x0000, 0x0000, 0x0a00, 0x0a0a, 0x0a0a, 0x0a0a, 0x0a0a, 0x0a0a, 0x0a0a, 0x0a0a, 0x0a0a, 0x0a0a,
    0x0a0a, 0x0a0a, 0x0a0a, 0x0a0a, 0x0a0a, 0x0a0a, 0x0a0a, 0x0a0a, 0x0a0a, 0x0a0a, 0x0a0a, 0x0a0a,
    0x0a0a, 0x0a0a, 0x0a0a, 0x0a0a, 0x0a0a, 0x0a0a, 0x0a0a, 0x0d0a, 0x0d0d, 0x0101, 0x0101, 0x0101,
    0x0101, 0x0101, 0x0101, 0x0101, 0x0101, 0x0101, 0x0101, 0x0101, 0x0101, 0x0101, 0x0101, 0x0101,
    0x0101, 0x0101, 0x0101, 0x0101, 0x0101, 0x0101, 0x0101, 0x0101, 0x0101, 0x0101, 0x0101, 0x0101,
    0x0101, 0x0101, 0x0101, 0x0101, 0x0101, 0x0101, 0x0101, 0x0101, 0x0101, 0x0101, 0x0101, 0x0101,
    0x0101, 0x0101, 0x0101, 0x0101, 0x0101, 0x0d0d, 0x0d0d, 0x0d0d, 0x0d0d, 0x0d0d, 0x0d0d, 0x0000,
    0x0000, 0x0000, 0x0000, 0x0000, 0x0000, 0x0000, 0x0000, 0x0000, 0x0000, 0x0000, 0x0000, 0x0000,
    0x0000, 0x0000, 0x0000, 0x0000, 0x0303, 0x0303, 0x0303, 0x0000, 0x0000, 0x0000, 0x0000, 0x0000,
    0x0303, 0x0303, 0x0303, 0x0000, 0x0000, 0x0000, 0x0000, 0x0000, 0x0000, 0x0000, 0x0000, 0x0000,
    0x0000, 0x0000, 0x0000, 0x0a0a, 0x0a0a, 0x0a0a, 0x0a0a, 0x0a0a, 0x0a0a, 0x0a0a, 0x0a0a, 0x0a0a,
    0x0a0a, 0x0a0a, 0x0a0a, 0x0a0a, 0x0a0a, 0x0a0a, 0x0a0a, 0x0a0a, 0x0a0a, 0x0a0a, 0x0a0a, 0x0a0a,
    0x0a0a, 0x0a0a, 0x0a0a, 0x0a0a, 0x0a0a, 0x0a0a, 0x0a0a, 0x0d0d, 0x010d, 0x0101, 0x0101, 0x0101,
    0x0101, 0x0101, 0x0101, 0x0101, 0x0101, 0x0101, 0x0101, 0x0101, 0x0101, 0x0101, 0x0101, 0x0101,
    0x0101, 0x0101, 0x0101, 0x0101, 0x0101, 0x0101, 0x0101, 0x0101, 0x0101, 0x0101, 0x0101, 0x0101,
    0x0101, 0x0101, 0x0101, 0x0101, 0x0101, 0x0101, 0x0101, 0x0101, 0x0101, 0x0101, 0x0101, 0x0101,
    0x0101, 0x0101, 0x0101, 0x0101, 0x0101, 0x0101, 0x0101, 0x0101, 0x0101, 0x0d0d, 0x0d0d, 0x0d0d,
    0x0d0d, 0x0d0d, 0x000d, 0x0000, 0x0000, 0x0000, 0x0000, 0x0000, 0x0000, 0x0000, 0x0000, 0x0000,
    0x0000, 0x0000, 0x0000, 0x0303, 0x0303, 0x0003, 0x0000, 0x0000, 0x0000, 0x0000, 0x0000, 0x0000,
    0x0000, 0x0300, 0x0303, 0x0303, 0x0000, 0x0000, 0x0000, 0x0000, 0x0000, 0x0000, 0x0000, 0x0000,
    0x0000, 0x0000, 0x0000, 0x0a00, 0x0a0a, 0x0a0a, 0x0a0a, 0x0a0a, 0x0a0a, 0x0a0a, 0x0a0a, 0x0a0a,
    0x0a0a, 0x0a0a, 0x0a0a, 0x0a0a, 0x0a0a, 0x0a0a, 0x0a0a, 0x0a0a, 0x0a0a, 0x0a0a, 0x0a0a, 0x0a0a,
    0x0a0a, 0x0a0a, 0x0a0a, 0x0a0a, 0x0a0a, 0x0a0a, 0x0a0a, 0x0d0d, 0x010d, 0x0101, 0x0101, 0x0101,
    0x0101, 0x0101, 0x0101, 0x0101, 0x0101, 0x0101, 0x0101, 0x0101, 0x0101, 0x0101, 0x0101, 0x0101,
    0x0101, 0x0101, 0x0101, 0x0101, 0x0101, 0x0101, 0x0101, 0x0101, 0x0101, 0x0101, 0x0101, 0x0101,
    0x0101, 0x0101, 0x0101, 0x0101, 0x0101, 0x0101, 0x0101, 0x0101, 0x0101, 0x0101, 0x0101, 0x0101,
    0x0101, 0x0101, 0x0101, 0x0101, 0x0101, 0x0101, 0x0101, 0x0101, 0x0101, 0x0101, 0x0101, 0x0101,
    0x0d01, 0x0d0d, 0x0d0d, 0x0d0d, 0x0d0d, 0x0d0d, 0x0000, 0x0000, 0x0000, 0x0000, 0x0000, 0x0000,
    0x0000, 0x0000, 0x0000, 0x0303, 0x0003, 0x0000, 0x0000, 0x0000, 0x0000, 0x0000, 0x0000, 0x0000,
    0x0000, 0x0000, 0x0300, 0x0303, 0x0003, 0x0000, 0x0000, 0x0000, 0x0000, 0x0000, 0x0000, 0x0000,
    0x0000, 0x0000, 0x0000, 0x0a00, 0x0a0a, 0x0a0a, 0x0a0a, 0x0a0a, 0x0a0a, 0x0a0a, 0x0a0a, 0x0a0a,
    0x0a0a, 0x0a0a, 0x0a0a, 0x0a0a, 0x0a0a, 0x0a0a, 0x0a0a, 0x0a0a, 0x0a0a, 0x0a0a, 0x0a0a, 0x0a0a,
    0x0a0a, 0x0a0a, 0x0a0a, 0x0a0a, 0x0a0a, 0x0a0a, 0x0d0a, 0x0d0d, 0x0101, 0x0101, 0x0101, 0x0101,
    0x0101, 0x0101, 0x0101, 0x0101, 0x0101, 0x0101, 0x0101, 0x0101, 0x0101, 0x0101, 0x0101, 0x0101,
    0x0101, 0x0101, 0x0101, 0x0101, 0x0d0d, 0x0d0d, 0x0d0d, 0x0d0d, 0x0d0d, 0x0d0d, 0x0d0d, 0x0d0d,
    0x0d0d, 0x0d0d, 0x0d0d, 0x0d0d, 0x0d0d, 0x0d0d, 0x0d0d, 0x010a, 0x0101, 0x0101, 0x0101, 0x0101,
    0x0101, 0x0101, 0x0101, 0x0101, 0x0101, 0x0101, 0x0101, 0x0101, 0x0101, 0x0101, 0x0101, 0x0101,
    0x0101, 0x0101, 0x0101, 0x0101, 0x0d0d, 0x0d0d, 0x0d0d, 0x0d0d, 0x0d0d, 0x0000, 0x0000, 0x0000,
    0x0000, 0x0000, 0x0300, 0x0303, 0x0000, 0x0000, 0x0000, 0x0000, 0x0000, 0x0000, 0x0000, 0x0000,
    0x0000, 0x0000, 0x0000, 0x0303, 0x0003, 0x0000, 0x0000, 0x0000, 0x0000, 0x0000, 0x0000, 0x0000,
    0x0000, 0x0000, 0x0000, 0x0000, 0x0a0a, 0x0a0a, 0x0a0a, 0x0a0a, 0x0a0a, 0x0a0a, 0x0a0a, 0x0a0a,
    0x0a0a, 0x0a0a, 0x0a0a, 0x0a0a, 0x0a0a, 0x0a0a, 0x0a0a, 0x0a0a, 0x0a0a, 0x0a0a, 0x0a0a, 0x0a0a,
    0x0a0a, 0x0a0a, 0x0a0a, 0x0a0a, 0x0a0a, 0x0a0a, 0x0d0a, 0x0d0d, 0x0d0d, 0x0d0d, 0x010d, 0x0101,
    0x0101, 0x0101, 0x0101, 0x0101, 0x0101, 0x0101, 0x0101, 0x0101, 0x0101, 0x0101, 0x0101, 0x0101,
    0x0101, 0x0101, 0x0101, 0x0101, 0x0101, 0x0101, 0x0101, 0x0101, 0x0101, 0x0101, 0x0101, 0x0101,
    0x0101, 0x0901, 0x0d0d, 0x0d0d, 0x0d0d, 0x0d0d, 0x0d0d, 0x0d0d, 0x0d0d, 0x0d0d, 0x0d0d, 0x0d0d,
    0x0d0d, 0x0d0d, 0x0101, 0x0101, 0x0101, 0x0101, 0x0101, 0x0101, 0x0101, 0x0101, 0x0101, 0x0101,
    0x0101, 0x0101, 0x0101, 0x0101, 0x0101, 0x0101, 0x0101, 0x0d0d, 0x0d0d, 0x0d0d, 0x0d0d, 0x0d0d,
    0x0000, 0x0300, 0x0300, 0x0000, 0x0000, 0x0000, 0x0000, 0x0000, 0x0000, 0x0000, 0x0000, 0x0000,
    0x0000, 0x0000, 0x0000, 0x0000, 0x0003, 0x0003, 0x0000, 0x0000, 0x0000, 0x0000, 0x0000, 0x0000,
    0x0000, 0x0000, 0x0000, 0x0000, 0x0a00, 0x0a0a, 0x0a0a, 0x0a0a, 0x0a0a, 0x0a0a, 0x0a0a, 0x0a0a,
    0x0a0a, 0x0a0a, 0x0a0a, 0x0a0a, 0x0a0a, 0x0a0a, 0x0a0a, 0x0a0a, 0x0a0a, 0x0a0a, 0x0a0a, 0x0a0a,
    0x0a0a, 0x0a0a, 0x0a0a, 0x0a0a, 0x0a0a, 0x0a0a, 0x0d0a, 0x010d, 0x0101, 0x0101, 0x0101, 0x0101,
    0x0101, 0x0101, 0x0101, 0x0101, 0x0101, 0x0101, 0x0101, 0x0101, 0x0101, 0x0101, 0x0101, 0x0101,
    0x0101, 0x0101, 0x0101, 0x0101, 0x0101, 0x0101, 0x0101, 0x0101, 0x0101, 0x0101, 0x0101, 0x0101,
    0x0101, 0x0101, 0x0101, 0x0101, 0x0101, 0x0101, 0x0101, 0x0901, 0x0d0d, 0x0d0d, 0x0d0d, 0x0d0d,
    0x0d0d, 0x0d0d, 0x0d0d, 0x0d0d, 0x0d0d, 0x0d0d, 0x0101, 0x0101, 0x0101, 0x0101, 0x0101, 0x0101,
    0x0101, 0x0101, 0x0101, 0x0101, 0x0101, 0x0101, 0x0101, 0x0101, 0x0101, 0x0101, 0x0d0d, 0x0d0d,
    0x0d0d, 0x0d0d, 0x000d, 0x0000, 0x0000, 0x0000, 0x0000, 0x0000, 0x0000, 0x0000, 0x0000, 0x0000,
    0x0000, 0x0000, 0x0000, 0x0000, 0x0300, 0x0303, 0x0000, 0x0000, 0x0000, 0x0000, 0x0000, 0x0000,
    0x0000, 0x0000, 0x0000, 0x0000, 0x0a00, 0x0a0a, 0x0a0a, 0x0a0a, 0x0a0a, 0x0a0a, 0x0a0a, 0x0a0a,
    0x0a0a, 0x0a0a, 0x0a0a, 0x0a0a, 0x0a0a, 0x0a0a, 0x0a0a, 0x0a0a, 0x0a0a, 0x0a0a, 0x0a0a, 0x0a0a,
    0x0a0a, 0x0a0a, 0x0a0a, 0x0a0a, 0x0a0a, 0x0a0a, 0x0d0a, 0x010d, 0x0d01, 0x010d, 0x0101, 0x0101,
    0x0101, 0x0101, 0x0101, 0x0101, 0x0101, 0x0101, 0x0101, 0x0101, 0x0101, 0x0101, 0x0101, 0x0101,
    0x0101, 0x0101, 0x0101, 0x0101, 0x0101, 0x0101, 0x0101, 0x0101, 0x0101, 0x0d01, 0x0101, 0x0101,
    0x010d, 0x0101, 0x0101, 0x0101, 0x0101, 0x0101, 0x0101, 0x0101, 0x0101, 0x0101, 0x0101, 0x0101,
    0x0101, 0x0d09, 0x0d0d, 0x0d0d, 0x0d0d, 0x0d0d, 0x0d0d, 0x0d0d, 0x0d0d, 0x0d0d, 0x0101, 0x0101,
    0x0101, 0x0101, 0x0101, 0x0101, 0x0101, 0x0101, 0x0101, 0x0101, 0x0101, 0x0101, 0x0101, 0x0101,
    0x0101, 0x0d0d, 0x0d0d, 0x0d0d, 0x0d0d, 0x0000, 0x0000, 0x0000, 0x0000, 0x0000, 0x0000, 0x0000,
    0x0000, 0x0000, 0x0000, 0x0000, 0x0300, 0x0303, 0x0000, 0x0000, 0x0000, 0x0000, 0x0000, 0x0000,
    0x0000, 0x0000, 0x0000, 0x0000, 0x0000, 0x0a0a, 0x0a0a, 0x0a0a, 0x0a0a, 0x0a0a, 0x0a0a, 0x0a0a,
    0x0a0a, 0x0a0a, 0x0a0a, 0x0a0a, 0x0a0a, 0x0a0a, 0x0a0a, 0x0a0a, 0x0a0a, 0x0a0a, 0x0a0a, 0x0a0a,
    0x0a0a, 0x0a0a, 0x0a0a, 0x0a0a, 0x0a0a, 0x0a0a, 0x0a0a, 0x0d0d, 0x0d01, 0x010d, 0x0101, 0x010d,
    0x0101, 0x0101, 0x0101, 0x0101, 0x0101, 0x0101, 0x0101, 0x0101, 0x0101, 0x0101, 0x0101, 0x0101,
    0x0101, 0x0101, 0x0101, 0x0101, 0x0101, 0x0101, 0x0101, 0x0101, 0x0101, 0x0d01, 0x0d0d, 0x0d0d,
    0x0101, 0x0101, 0x010d, 0x0101, 0x0101, 0x0101, 0x0101, 0x0101, 0x0101, 0x0101, 0x0101, 0x0101,
    0x0101, 0x0101, 0x0101, 0x0101, 0x0101, 0x0d09, 0x0d0d, 0x0d0d, 0x0d0d, 0x0d0d, 0x0d0d, 0x0d0d,
    0x0d0d, 0x0101, 0x0101, 0x0101, 0x0101, 0x0101, 0x0101, 0x0101, 0x0101, 0x0101, 0x0101, 0x0101,
    0x0101, 0x0101, 0x0101, 0x0d01, 0x0d0d, 0x0d0d, 0x0d0d, 0x000d, 0x0000, 0x0000, 0x0000, 0x0000,
    0x0000, 0x0000, 0x0000, 0x0000, 0x0000, 0x0303, 0x0003, 0x0000, 0x0000, 0x0000, 0x0000, 0x0000,
    0x0000, 0x0000, 0x0000, 0x0000, 0x0000, 0x0a00, 0x0a0a, 0x0a0a, 0x0a0a, 0x0a0a, 0x0a0a, 0x0a0a,
    0x0a0a, 0x0a0a, 0x0a0a, 0x0a0a, 0x0a0a, 0x0a0a, 0x0a0a, 0x0a0a, 0x0a0a, 0x0a0a, 0x0a0a, 0x0a0a,
    0x0a0a, 0x0a0a, 0x0a0a, 0x0a0a, 0x0a0a, 0x0a0a, 0x0a0a, 0x0d0d, 0x0d0d, 0x0101, 0x0d01, 0x0101,
    0x0101, 0x0101, 0x0101, 0x0101, 0x0101, 0x0101, 0x0101, 0x0101, 0x0101, 0x0101, 0x0101, 0x0101,
    0x0101, 0x0101, 0x0101, 0x0101, 0x0101, 0x0101, 0x0101, 0x0101, 0x0101, 0x010d, 0x0101, 0x0101,
    0x0101, 0x0101, 0x010d, 0x0101, 0x0d01, 0x0101, 0x010d, 0x0101, 0x0101, 0x0101, 0x0101, 0x0101,
    0x0101, 0x0101, 0x0101, 0x0101, 0x0101, 0x0101, 0x0101, 0x0101, 0x0101, 0x0d09, 0x0d0d, 0x0d0d,
    0x0d0d, 0x0d0d, 0x0d0d, 0x0d0d, 0x0101, 0x0101, 0x0101, 0x0101, 0x0101, 0x0101, 0x0101, 0x0101,
    0x0101, 0x0101, 0x0101, 0x0101, 0x0101, 0x0101, 0x0d0d, 0x0d0d, 0x0d0d, 0x0d0d, 0x0000, 0x0000,
    0x0000, 0x0000, 0x0000, 0x0000, 0x0000, 0x0303, 0x0003, 0x0000, 0x0000, 0x0000, 0x0000, 0x0000,
    0x0000, 0x0000, 0x0000, 0x0000, 0x0000, 0x0a00, 0x0a0a, 0x0a0a, 0x0a0a, 0x0a0a, 0x0a0a, 0x0a0a,
    0x0a0a, 0x0a0a, 0x0a0a, 0x0a0a, 0x0a0a, 0x0a0a, 0x0a0a, 0x0a0a, 0x0a0a, 0x0a0a, 0x0a0a, 0x0a0a,
    0x0a0a, 0x0a0a, 0x0a0a, 0x0a0a, 0x0a0a, 0x0a0a, 0x0a0a, 0x0d0a, 0x0d0d, 0x0101, 0x0d01, 0x0101,
    0x0101, 0x0101, 0x0101, 0x0101, 0x0101, 0x0101, 0x0101, 0x0101, 0x0101, 0x0101, 0x0101, 0x0101,
    0x0101, 0x0101, 0x0101, 0x0101, 0x0101, 0x0101, 0x0101, 0x0101, 0x0101, 0x0d01, 0x0101, 0x010d,
    0x0d0d, 0x0101, 0x010d, 0x010d, 0x0d01, 0x0d0d, 0x0d0d, 0x0101, 0x0101, 0x0d01, 0x0101, 0x0101,
    0x0101, 0x0101, 0x0101, 0x0101, 0x0101, 0x0101, 0x0101, 0x0101, 0x0101, 0x0101, 0x0101, 0x0101,
    0x0d01, 0x0d0d, 0x0d0d, 0x0d0d, 0x0d0d, 0x0d0d, 0x010d, 0x0101, 0x0101, 0x0101, 0x0101, 0x0101,
    0x0101, 0x0101, 0x0101, 0x0101, 0x0101, 0x0101, 0x0101, 0x0101, 0x0d0d, 0x0d0d, 0x0d0d, 0x0d0d,
    0x0000, 0x0000, 0x0000, 0x0000, 0x0000, 0x0300, 0x0303, 0x0000, 0x0000, 0x0000, 0x0000, 0x0000,
    0x0000, 0x0000, 0x0000, 0x0000, 0x0000, 0x0000, 0x0a0a, 0x0a0a, 0x0a0a, 0x0a0a, 0x0a0a, 0x0a0a,
    0x0a0a, 0x0a0a, 0x0a0a, 0x0a0a, 0x0a0a, 0x0a0a, 0x0a0a, 0x0a0a, 0x0a0a, 0x0a0a, 0x0a0a, 0x0a0a,
    0x0a0a, 0x0a0a, 0x0a0a, 0x0a0a, 0x0a0a, 0x0a0a, 0x0a0a, 0x0d0a, 0x010d, 0x0101, 0x010d, 0x0101,
    0x0101, 0x0101, 0x0101, 0x0101, 0x0101, 0x0101, 0x0101, 0x0101, 0x0101, 0x0101, 0x0101, 0x0101,
    0x0101, 0x0101, 0x0101, 0x0101, 0x0101, 0x0101, 0x0101, 0x0101, 0x0101, 0x0101, 0x0101, 0x0d0d,
    0x0d0d, 0x0d0d, 0x010d, 0x0d0d, 0x0101, 0x0d01, 0x0d01, 0x0101, 0x010d, 0x0d01, 0x0101, 0x0101,
    0x0101, 0x0101, 0x0101, 0x0101, 0x0101, 0x0101, 0x0101, 0x0101, 0x0101, 0x0101, 0x0101, 0x0101,
    0x0101, 0x0101, 0x0101, 0x0d01, 0x0d0d, 0x0d0d, 0x0d0d, 0x0d0d, 0x0d0d, 0x010d, 0x0101, 0x0101,
    0x0101, 0x0101, 0x0101, 0x0101, 0x0101, 0x0101, 0x0101, 0x0101, 0x0101, 0x0101, 0x0d01, 0x0d0d,
    0x0d0d, 0x0d0d, 0x000d, 0x0000, 0x0000, 0x0300, 0x0303, 0x0000, 0x0000, 0x0000, 0x0000, 0x0000,
    0x0000, 0x0000, 0x0000, 0x0000, 0x0000, 0x0000, 0x0a0a, 0x0a0a, 0x0a0a, 0x0a0a, 0x0a0a, 0x0a0a,
    0x0a0a, 0x0a0a, 0x0a0a, 0x0a0a, 0x0a0a, 0x0a0a, 0x0a0a, 0x0a0a, 0x0a0a, 0x0a0a, 0x0a0a, 0x0a0a,
    0x0a0a, 0x0a0a, 0x0a0a, 0x0a0a, 0x0a0a, 0x0a0a, 0x0a0a, 0x0d0d, 0x010d, 0x0101, 0x010d, 0x0101,
    0x0101, 0x0101, 0x0101, 0x0101, 0x0101, 0x0101, 0x0101, 0x0d01, 0x010d, 0x0101, 0x0101, 0x0101,
    0x0101, 0x0101, 0x0101, 0x0101, 0x0101, 0x0101, 0x0101, 0x0101, 0x0101, 0x0d01, 0x0d0d, 0x0d0d,
    0x0101, 0x010d, 0x0101, 0x010d, 0x0101, 0x0d0d, 0x0101, 0x0101, 0x0d01, 0x010d, 0x0101, 0x0d01,
    0x0101, 0x0d01, 0x010d, 0x0101, 0x0d01, 0x0101, 0x0101, 0x0101, 0x0101, 0x0101, 0x0101, 0x0101,
    0x0101, 0x0101, 0x0101, 0x0101, 0x0101, 0x0101, 0x0d01, 0x0d0d, 0x0d0d, 0x0d0d, 0x0d0d, 0x010d,
    0x0101, 0x0101, 0x0101, 0x0101, 0x0101, 0x0101, 0x0101, 0x0101, 0x0101, 0x0101, 0x0101, 0x0101,
    0x0d01, 0x0d0d, 0x0d0d, 0x0d0d, 0x000d, 0x0300, 0x0303, 0x0000, 0x0000, 0x0000, 0x0000, 0x0000,
    0x0000, 0x0000, 0x0000, 0x0000, 0x0000, 0x0000, 0x0a00, 0x0a0a, 0x0a0a, 0x0a0a, 0x0a0a, 0x0a0a,
    0x0a0a, 0x0a0a, 0x0a0a, 0x0a0a, 0x0a0a, 0x0a0a, 0x0a0a, 0x0a0a, 0x0a0a, 0x0a0a, 0x0a0a, 0x0a0a,
    0x0a0a, 0x0a0a, 0x0a0a, 0x0a0a, 0x0a0a, 0x0a0a, 0x0a0a, 0x0d0d, 0x0101, 0x0d01, 0x0101, 0x0101,
    0x0101, 0x0101, 0x0101, 0x0101, 0x0101, 0x0101, 0x0d0d, 0x020d, 0x0d02, 0x0d0d, 0x0d0d, 0x0d0d,
    0x010d, 0x0101, 0x0101, 0x0101, 0x0101, 0x0101, 0x0101, 0x0101, 0x0101, 0x0101, 0x0101, 0x0101,
    0x0101, 0x0d0d, 0x0d0d, 0x0101, 0x0d01, 0x0d0d, 0x010d, 0x0d01, 0x0d01, 0x0101, 0x0101, 0x0101,
    0x0101, 0x010d, 0x0d01, 0x0101, 0x0d0d, 0x0101, 0x0d0d, 0x0d01, 0x010d, 0x0101, 0x0101, 0x0101,
    0x0101, 0x0101, 0x0101, 0x0101, 0x0101, 0x0101, 0x0101, 0x0101, 0x0d01, 0x0d0d, 0x0d0d, 0x0d0d,
    0x0d0d, 0x0101, 0x0101, 0x0101, 0x0101, 0x0101, 0x0101, 0x0101, 0x0101, 0x0101, 0x0101, 0x0101,
    0x0101, 0x0101, 0x0101, 0x0d0d, 0x0d0d, 0x0d0d, 0x030d, 0x0003, 0x0000, 0x0000, 0x0000, 0x0000,
    0x0000, 0x0000, 0x0000, 0x0000, 0x0000, 0x0000, 0x0a00, 0x0a0a, 0x0a0a, 0x0a0a, 0x0a0a, 0x0a0a,
    0x0a0a, 0x0a0a, 0x0a0a, 0x0a0a, 0x0a0a, 0x0a0a, 0x0a0a, 0x0a0a, 0x0a0a, 0x0a0a, 0x0a0a, 0x0a0a,
    0x0a0a, 0x0a0a, 0x0a0a, 0x0a0a, 0x0a0a, 0x0a0a, 0x0d0a, 0x0d0d, 0x0101, 0x0d01, 0x0101, 0x0101,
    0x0101, 0x0101, 0x0101, 0x0101, 0x0101, 0x0d01, 0x020d, 0x0202, 0x0202, 0x0202, 0x0202, 0x0202,
    0x0d0d, 0x0d0d, 0x0d0d, 0x0d0d, 0x0101, 0x0101, 0x0101, 0x0101, 0x0101, 0x0101, 0x0101, 0x0101,
    0x0101, 0x0101, 0x0101, 0x0101, 0x0101, 0x0d0d, 0x0d0d, 0x0101, 0x0d01, 0x0101, 0x0101, 0x010d,
    0x0d0d, 0x010d, 0x010d, 0x0101, 0x0d0d, 0x0101, 0x0101, 0x010d, 0x0101, 0x0101, 0x010d, 0x0101,
    0x0101, 0x0101, 0x0101, 0x0101, 0x0101, 0x0101, 0x0101, 0x0101, 0x0101, 0x0101, 0x0101, 0x0d0d,
    0x0d0d, 0x0d0d, 0x0d0d, 0x0101, 0x0101, 0x0101, 0x0101, 0x0101, 0x0101, 0x0101, 0x0101, 0x0101,
    0x0101, 0x0101, 0x0101, 0x0101, 0x0101, 0x0d01, 0x0d0d, 0x0d0d, 0x0d0d, 0x000d, 0x0000, 0x0000,
    0x0000, 0x0000, 0x0000, 0x0000, 0x0000, 0x0000, 0x0000, 0x0a0a, 0x0a0a, 0x0a0a, 0x0a0a, 0x0a0a,
    0x0a0a, 0x0a0a, 0x0a0a, 0x0a0a, 0x0a0a, 0x0a0a, 0x0a0a, 0x0a0a, 0x0a0a, 0x0a0a, 0x0a0a, 0x0a0a,
    0x0a0a, 0x0a0a, 0x0a0a, 0x0a0a, 0x0a0a, 0x0a0a, 0x0d0a, 0x010d, 0x0101, 0x010d, 0x0101, 0x0101,
    0x0101, 0x0101, 0x0101, 0x0101, 0x0101, 0x0d0d, 0x0202, 0x0202, 0x0202, 0x0202, 0x0202, 0x0202,
    0x0202, 0x0202, 0x0202, 0x0d02, 0x0d0d, 0x0d0d, 0x0d0d, 0x010d, 0x0101, 0x0101, 0x0101, 0x0101,
    0x0101, 0x0101, 0x0101, 0x0101, 0x0101, 0x0101, 0x0101, 0x0101, 0x0101, 0x0101, 0x010d, 0x0101,
    0x0d01, 0x0101, 0x0101, 0x0d01, 0x0d0d, 0x0101, 0x0d0d, 0x0101, 0x0101, 0x0d0d, 0x0d0d, 0x0101,
    0x0d0d, 0x0101, 0x0101, 0x0101, 0x0101, 0x0101, 0x0101, 0x0101, 0x0101, 0x0101, 0x0101, 0x0101,
    0x0101, 0x0d0d, 0x0d0d, 0x0d0d, 0x0d0d, 0x0101, 0x0101, 0x0101, 0x0101, 0x0101, 0x0101, 0x0101,
    0x0101, 0x0101, 0x0101, 0x0101, 0x0101, 0x0101, 0x0101, 0x0d01, 0x0d0d, 0x0d0d, 0x0d0d, 0x000d,
    0x0000, 0x0000, 0x0000, 0x0000, 0x0000, 0x0000, 0x0000, 0x0a0a, 0x0a0a, 0x0a0a, 0x0a0a, 0x0a0a,
    0x0a0a, 0x0a0a, 0x0a0a, 0x0a0a, 0x0a0a, 0x0a0a, 0x0a0a, 0x0a0a, 0x0a0a, 0x0a0a, 0x0a0a, 0x0a0a,
    0x0a0a, 0x0a0a, 0x0a0a, 0x0a0a, 0x0a0a, 0x0a0a, 0x0d0d, 0x010d, 0x0101, 0x010d, 0x0101, 0x0101,
    0x0101, 0x0101, 0x0101, 0x0101, 0x0101, 0x020d, 0x0202, 0x0202, 0x0202, 0x0202, 0x0202, 0x0202,
    0x0202, 0x0202, 0x0202, 0x0402, 0x0404, 0x0404, 0x0404, 0x0d04, 0x0d0d, 0x0d0d, 0x0d0d, 0x0101,
    0x0101, 0x0101, 0x0101, 0x0101, 0x0101, 0x0101, 0x0101, 0x0101, 0x0101, 0x0101, 0x0101, 0x0101,
    0x0101, 0x0d01, 0x0101, 0x0d01, 0x010d, 0x0101, 0x010d, 0x0d01, 0x0101, 0x010d, 0x0d0d, 0x0101,
    0x0d0d, 0x010d, 0x0101, 0x010d, 0x0101, 0x010d, 0x0101, 0x0101, 0x0101, 0x0101, 0x0101, 0x0101,
    0x0101, 0x0101, 0x0101, 0x0d0d, 0x0d0d, 0x0d0d, 0x010d, 0x0101, 0x0101, 0x0101, 0x0101, 0x0101,
    0x0101, 0x0101, 0x0101, 0x0101, 0x0101, 0x0101, 0x0101, 0x0101, 0x0101, 0x0101, 0x0d0d, 0x0d0d,
    0x0d0d, 0x0d0d, 0x000d, 0x0000, 0x0000, 0x0000, 0x0000, 0x0a00, 0x0a0a, 0x0a0a, 0x0a0a, 0x0a0a,
    0x0a0a, 0x0a0a, 0x0a0a, 0x0a0a, 0x0a0a, 0x0a0a, 0x0a0a, 0x0a0a, 0x0a0a, 0x0a0a, 0x0a0a, 0x0a0a,
    0x0a0a, 0x0a0a, 0x0a0a, 0x0a0a, 0x0a0a, 0x0a0a, 0x0d0d, 0x0101, 0x0d01, 0x0101, 0x0101, 0x0101,
    0x0101, 0x0101, 0x0101, 0x0101, 0x0d01, 0x020d, 0x0202, 0x0202, 0x0202, 0x0202, 0x0202, 0x0202,
    0x0202, 0x0202, 0x0202, 0x0202, 0x0404, 0x0404, 0x0404, 0x0404, 0x0404, 0x0404, 0x0d04, 0x0d0d,
    0x0d0d, 0x0d0d, 0x0101, 0x0101, 0x0101, 0x0101, 0x0101, 0x0101, 0x0101, 0x0101, 0x0101, 0x0101,
    0x0101, 0x0101, 0x0101, 0x0101, 0x0d01, 0x0d0d, 0x0101, 0x0d01, 0x0101, 0x010d, 0x0101, 0x0d0d,
    0x0101, 0x0101, 0x0101, 0x0101, 0x0d0d, 0x0d0d, 0x0101, 0x010d, 0x0101, 0x0101, 0x0101, 0x0101,
    0x0101, 0x0101, 0x0101, 0x0101, 0x0101, 0x0d0d, 0x0d0d, 0x0d0d, 0x0101, 0x0101, 0x0101, 0x0101,
    0x0101, 0x0101, 0x0101, 0x0101, 0x0101, 0x0101, 0x0101, 0x0101, 0x0101, 0x0101, 0x0101, 0x0101,
    0x0d01, 0x0d0d, 0x0d0d, 0x0d0d, 0x0d0d, 0x0000, 0x0000, 0x0a00, 0x0a0a, 0x0a0a, 0x0a0a, 0x0a0a,
    0x0a0a, 0x0a0a, 0x0a0a, 0x0a0a, 0x0a0a, 0x0a0a, 0x0a0a, 0x0a0a, 0x0a0a, 0x0a0a, 0x0a0a, 0x0a0a,
    0x0a0a, 0x0a0a, 0x0a0a, 0x0a0a, 0x0a0a, 0x0d0a, 0x0d0d, 0x0101, 0x0d01, 0x0101, 0x0101, 0x0101,
    0x0101, 0x0101, 0x0101, 0x0101, 0x0d0d, 0x0202, 0x0202, 0x0202, 0x0202, 0x0202, 0x0202, 0x0202,
    0x0202, 0x0202, 0x0202, 0x0202, 0x0404, 0x0404, 0x0404, 0x0404, 0x0404, 0x0404, 0x0404, 0x0404,
    0x0404, 0x0404, 0x0d0d, 0x0d0d, 0x0d0d, 0x0d0d, 0x0101, 0x0101, 0x0101, 0x0101, 0x0101, 0x0101,
    0x0101, 0x0101, 0x0101, 0x0101, 0x0101, 0x0101, 0x0101, 0x0101, 0x0101, 0x0101, 0x0d01, 0x0d0d,
    0x0101, 0x0101, 0x010d, 0x0101, 0x0d01, 0x0101, 0x010d, 0x010d, 0x0101, 0x0101, 0x0101, 0x0101,
    0x0101, 0x0101, 0x0101, 0x0101, 0x0101, 0x0101, 0x0101, 0x0d0d, 0x0d0d, 0x010d, 0x0101, 0x0101,
    0x0101, 0x0101, 0x0101, 0x0101, 0x0101, 0x0101, 0x0101, 0x0101, 0x0101, 0x0101, 0x0101, 0x0101,
    0x0101, 0x0101, 0x0101, 0x0d01, 0x0d0d, 0x0d0d, 0x0d0d, 0x0a0d, 0x0a0a, 0x0a0a, 0x0a0a, 0x0a0a,
    0x0a0a, 0x0a0a, 0x0a0a, 0x0a0a, 0x0a0a, 0x0a0a, 0x0a0a, 0x0a0a, 0x0a0a, 0x0a0a, 0x0a0a, 0x0a0a,
    0x0a0a, 0x0a0a, 0x0a0a, 0x0a0a, 0x0a0a, 0x0d0a, 0x010d, 0x0101, 0x010d, 0x0101, 0x0101, 0x0101,
    0x0101, 0x0101, 0x0101, 0x0101, 0x0d0d, 0x0202, 0x0202, 0x0202, 0x0202, 0x0202, 0x0202, 0x0202,
    0x0202, 0x0202, 0x0202, 0x0202, 0x0402, 0x0404, 0x0404, 0x0404, 0x0404, 0x0404, 0x0404, 0x0404,
    0x0404, 0x0404, 0x0404, 0x0204, 0x0202, 0x0d04, 0x0d0d, 0x0d0d, 0x0d0d, 0x010d, 0x0101, 0x0101,
    0x0101, 0x0101, 0x0101, 0x0101, 0x0101, 0x0101, 0x0101, 0x0101, 0x0101, 0x0101, 0x0101, 0x0101,
    0x0101, 0x0101, 0x0101, 0x0d01, 0x0101, 0x0d01, 0x0101, 0x0101, 0x0d01, 0x0101, 0x0101, 0x010d,
    0x0d0d, 0x0101, 0x0d0d, 0x010d, 0x0101, 0x0101, 0x0101, 0x0101, 0x0d01, 0x0d0d, 0x010d, 0x0101,
    0x0101, 0x0101, 0x0101, 0x0101, 0x0101, 0x0101, 0x0101, 0x0101, 0x0101, 0x0101, 0x0101, 0x0101,
    0x0101, 0x0101, 0x0101, 0x0101, 0x0101, 0x0101, 0x0d0d, 0x0d0d, 0x0a0d, 0x0a0a, 0x0a0a, 0x0a0a,
    0x0a0a, 0x0a0a, 0x0a0a, 0x0a0a, 0x0a0a, 0x0a0a, 0x0a0a, 0x0a0a, 0x0a0a, 0x0a0a, 0x0a0a, 0x0a0a,
    0x0a0a, 0x0a0a, 0x0a0a, 0x0a0a, 0x0a0a, 0x0d0d, 0x010d, 0x0d01, 0x0101, 0x0101, 0x0101, 0x0101,
    0x0101, 0x0101, 0x0101, 0x0d01, 0x020d, 0x0202, 0x0202, 0x0202, 0x0202, 0x0202, 0x0202, 0x0202,
    0x0202, 0x0202, 0x0202, 0x0202, 0x0402, 0x0404, 0x0404, 0x0404, 0x0404, 0x0404, 0x0404, 0x0404,
    0x0404, 0x0404, 0x0404, 0x0404, 0x0202, 0x0402, 0x0202, 0x0202, 0x0202, 0x0d02, 0x0d0d, 0x0d0d,
    0x0d0d, 0x0101, 0x0101, 0x0101, 0x0101, 0x0101, 0x0101, 0x0101, 0x0101, 0x0101, 0x0101, 0x0101,
    0x0101, 0x0101, 0x0101, 0x0101, 0x0d01, 0x0d0d, 0x0101, 0x0101, 0x010d, 0x0101, 0x0101, 0x010d,
    0x0101, 0x0d01, 0x0d0d, 0x0d0d, 0x010d, 0x010d, 0x0101, 0x0101, 0x0101, 0x0101, 0x0d01, 0x0d0d,
    0x0101, 0x0101, 0x0101, 0x0101, 0x0101, 0x0101, 0x0101, 0x0101, 0x0101, 0x0101, 0x0101, 0x0101,
    0x0101, 0x0101, 0x0101, 0x0101, 0x0101, 0x0101, 0x0101, 0x0101, 0x0d0d, 0x0a0d, 0x0a0a, 0x0a0a,
    0x0a0a, 0x0a0a, 0x0a0a, 0x0a0a, 0x0a0a, 0x0a0a, 0x0a0a, 0x0a0a, 0x0a0a, 0x0a0a, 0x0a0a, 0x0a0a,
    0x0a0a, 0x0a0a, 0x0a0a, 0x0a0a, 0x0a0a, 0x0d0d, 0x0101, 0x0d01, 0x0101, 0x0101, 0x0101, 0x0101,
    0x0101, 0x0101, 0x0101, 0x0d01, 0x020d, 0x0202, 0x0202, 0x0202, 0x0202, 0x0202, 0x0202, 0x0202,
    0x0202, 0x0202, 0x0202, 0x0202, 0x0202, 0x0404, 0x0404, 0x0404, 0x0404, 0x0404, 0x0404, 0x0404,
    0x0404, 0x0404, 0x0404, 0x0404, 0x0202, 0x0402, 0x0202, 0x0202, 0x0202, 0x0202, 0x0202, 0x0202,
    0x0d02, 0x0d0d, 0x0d0d, 0x0d0d, 0x0101, 0x0101, 0x0101, 0x0101, 0x0101, 0x0101, 0x0101, 0x0101,
    0x0101, 0x0101, 0x0101, 0x0101, 0x0101, 0x0101, 0x0101, 0x0101, 0x010d, 0x0101, 0x0d01, 0x0101,
    0x010d, 0x010d, 0x0101, 0x0101, 0x0101, 0x0101, 0x0101, 0x0101, 0x0101, 0x0101, 0x0101, 0x0101,
    0x0d0d, 0x0101, 0x0101, 0x0101, 0x0101, 0x0101, 0x0101, 0x0101, 0x0101, 0x0101, 0x0101, 0x0101,
    0x0101, 0x0101, 0x0101, 0x0101, 0x0101, 0x0101, 0x0101, 0x0101, 0x0d01, 0x0d0d, 0x0a0a, 0x0a0a,
    0x0a0a, 0x0a0a, 0x0a0a, 0x0a0a, 0x0a0a, 0x0a0a, 0x0a0a, 0x0a0a, 0x0a0a, 0x0a0a, 0x0a0a, 0x0a0a,
    0x0a0a, 0x0a0a, 0x0a0a, 0x0a0a, 0x0d0a, 0x010d, 0x0101, 0x010d, 0x0101, 0x0101, 0x0101, 0x0101,
    0x0101, 0x0101, 0x0101, 0x0d0d, 0x0202, 0x0202, 0x0202, 0x0202, 0x0202, 0x0202, 0x0202, 0x0202,
    0x0202, 0x0202, 0x0202, 0x0202, 0x0202, 0x0404, 0x0404, 0x0404, 0x0404, 0x0404, 0x0404, 0x0404,
    0x0404, 0x0404, 0x0404, 0x0404, 0x0204, 0x0202, 0x0204, 0x0202, 0x0202, 0x0202, 0x0202, 0x0202,
    0x0202, 0x0202, 0x0202, 0x0202, 0x0d0d, 0x0d0d, 0x0d0d, 0x010d, 0x0101, 0x0101, 0x0101, 0x0101,
    0x0101, 0x0101, 0x0101, 0x0101, 0x0101, 0x0101, 0x0101, 0x0101, 0x0101, 0x0101, 0x0101, 0x0d01,
    0x0d0d, 0x0d0d, 0x0101, 0x0d01, 0x0101, 0x0101, 0x0101, 0x0101, 0x0101, 0x0101, 0x0101, 0x0101,
    0x0101, 0x010d, 0x0101, 0x0101, 0x0101, 0x0101, 0x0101, 0x0101, 0x0101, 0x0101, 0x0101, 0x0101,
    0x0101, 0x0101, 0x0101, 0x0101, 0x0101, 0x0101, 0x0101, 0x0101, 0x0101, 0x0d0d, 0x0a0d, 0x0a0a,
    0x0a0a, 0x0a0a, 0x0a0a, 0x0a0a, 0x0a0a, 0x0a0a, 0x0a0a, 0x0a0a, 0x0a0a, 0x0a0a, 0x0a0a, 0x0a0a,
    0x0a0a, 0x0a0a, 0x0a0a, 0x0a0a, 0x0d0a, 0x010d, 0x0101, 0x010d, 0x0101, 0x0101, 0x0101, 0x0101,
    0x0101, 0x0101, 0x0101, 0x0d0d, 0x0202, 0x0202, 0x0202, 0x0202, 0x0202, 0x0202, 0x0202, 0x0202,
    0x0202, 0x0202, 0x0202, 0x0202, 0x0202, 0x0402, 0x0404, 0x0404, 0x0404, 0x0404, 0x0404, 0x0404,
    0x0404, 0x0404, 0x0404, 0x0404, 0x0204, 0x0202, 0x0204, 0x0202, 0x0202, 0x0202, 0x0202, 0x0202,
    0x0202, 0x0202, 0x0202, 0x0202, 0x0202, 0x0202, 0x0202, 0x0d02, 0x0d0d, 0x0d0d, 0x0d0d, 0x0101,
    0x0101, 0x0101, 0x0101, 0x0101, 0x0101, 0x0101, 0x0101, 0x0101, 0x0101, 0x0101, 0x0101, 0x0101,
    0x0101, 0x0101, 0x0d01, 0x0d0d, 0x0d0d, 0x0101, 0x0101, 0x0101, 0x0101, 0x0101, 0x0101, 0x0101,
    0x0101, 0x0101, 0x0101, 0x0101, 0x0101, 0x0101, 0x0101, 0x0101, 0x0101, 0x0101, 0x0101, 0x0101,
    0x0101, 0x0101, 0x0101, 0x0101, 0x0101, 0x0101, 0x0101, 0x0101, 0x0101, 0x0d01, 0x0a0d, 0x0a0a,
    0x0a0a, 0x0a0a, 0x0a0a, 0x0a0a, 0x0a0a, 0x0a0a, 0x0a0a, 0x0a0a, 0x0a0a, 0x0a0a, 0x0a0a, 0x0a0a,
    0x0a0a, 0x0a0a, 0x0a0a, 0x0a0a, 0x0d0d, 0x0101, 0x0d01, 0x0101, 0x0101, 0x0101, 0x0101, 0x0101,
    0x0101, 0x0101, 0x0d01, 0x020d, 0x0202, 0x0202, 0x0202, 0x0202, 0x0202, 0x0202, 0x0202, 0x0202,
    0x0202, 0x0202, 0x0202, 0x0202, 0x0202, 0x0402, 0x0404, 0x0404, 0x0404, 0x0404, 0x0404, 0x0404,
    0x0404, 0x0404, 0x0404, 0x0404, 0x0404, 0x0202, 0x0402, 0x0202, 0x0202, 0x0202, 0x0202, 0x0202,
    0x0202, 0x0202, 0x0202, 0x0202, 0x0202, 0x0202, 0x0202, 0x0202, 0x0202, 0x0202, 0x0202, 0x0d0d,
    0x0d0d, 0x0d0d, 0x010d, 0x0101, 0x0101, 0x0101, 0x0101, 0x0101, 0x0101, 0x0101, 0x0101, 0x0101,
    0x0101, 0x0101, 0x0101, 0x0101, 0x0101, 0x0101, 0x0101, 0x0101, 0x0101, 0x0101, 0x0101, 0x0101,
    0x0101, 0x0101, 0x0101, 0x0101, 0x0101, 0x0101, 0x0101, 0x0101, 0x0101, 0x0101, 0x0101, 0x0101,
    0x0101, 0x0101, 0x0101, 0x0101, 0x0101, 0x0101, 0x0101, 0x0101, 0x0101, 0x0d01, 0x0a0d, 0x0a0a,
    0x0a0a, 0x0a0a, 0x0a0a, 0x0a0a, 0x0a0a, 0x0a0a, 0x0a0a, 0x0a0a, 0x0a0a, 0x0a0a, 0x0a0a, 0x0a0a,
    0x0a0a, 0x0a0a, 0x0a0a, 0x0d0a, 0x0d0d, 0x0101, 0x0d01, 0x0101, 0x0101, 0x0101, 0x0101, 0x0101,
    0x0101, 0x0101, 0x0d01, 0x0202, 0x0202, 0x0202, 0x0202, 0x0202, 0x0202, 0x0202, 0x0202, 0x0202,
    0x0202, 0x0202, 0x0202, 0x0202, 0x0202, 0x0202, 0x0404, 0x0404, 0x0404, 0x0404, 0x0404, 0x0404,
    0x0404, 0x0404, 0x0404, 0x0404, 0x0404, 0x0202, 0x0402, 0x0202, 0x0202, 0x0202, 0x0202, 0x0202,
    0x0202, 0x0202, 0x0202, 0x0202, 0x0202, 0x0202, 0x0202, 0x0202, 0x0202, 0x0202, 0x0202, 0x0202,
    0x0202, 0x0202, 0x0d02, 0x0d0d, 0x0d0d, 0x0d0d, 0x0101, 0x0101, 0x0101, 0x0101, 0x0101, 0x0101,
    0x0101, 0x0101, 0x0101, 0x0101, 0x0101, 0x0101, 0x0101, 0x0101, 0x0101, 0x0101, 0x0101, 0x0101,
    0x0101, 0x0101, 0x0101, 0x0101, 0x0101, 0x0101, 0x0101, 0x0101, 0x0101, 0x0101, 0x0101, 0x0101,
    0x0101, 0x0101, 0x0101, 0x0101, 0x0101, 0x0101, 0x0101, 0x0101, 0x0101, 0x0d0d, 0x0a0d, 0x0a0a,
    0x0a0a, 0x0a0a, 0x0a0a, 0x0a0a, 0x0a0a, 0x0a0a, 0x0a0a, 0x0a0a, 0x0a0a, 0x0a0a, 0x0a0a, 0x0a0a,
    0x0a0a, 0x0a0a, 0x0a0a, 0x0d0a, 0x010d, 0x0101, 0x010d, 0x0101, 0x0101, 0x0101, 0x0101, 0x0101,
    0x0101, 0x0101, 0x0d0d, 0x0202, 0x0202, 0x0202, 0x0202, 0x0202, 0x0202, 0x0202, 0x0202, 0x0202,
    0x0202, 0x0202, 0x0202, 0x0202, 0x0202, 0x0202, 0x0404, 0x0404, 0x0404, 0x0404, 0x0404, 0x0404,
    0x0404, 0x0404, 0x0404, 0x0404, 0x0404, 0x0204, 0x0202, 0x0204, 0x0202, 0x0202, 0x0202, 0x0202,
    0x0202, 0x0202, 0x0202, 0x0202, 0x0202, 0x0202, 0x0202, 0x0202, 0x0202, 0x0202, 0x0202, 0x0202,
    0x0202, 0x0202, 0x0202, 0x0202, 0x0202, 0x0d02, 0x0d0d, 0x0d0d, 0x0d0d, 0x0101, 0x0101, 0x0101,
    0x0101, 0x0101, 0x0101, 0x0101, 0x0101, 0x0101, 0x0101, 0x0101, 0x0101, 0x0101, 0x0101, 0x0101,
    0x0101, 0x0101, 0x0101, 0x0101, 0x0101, 0x0101, 0x0101, 0x0101, 0x0101, 0x0101, 0x0101, 0x0101,
    0x0101, 0x0101, 0x0101, 0x0101, 0x0101, 0x0101, 0x0101, 0x0101, 0x0101, 0x0d0d, 0x0a0d, 0x0a0a,
    0x0a0a, 0x0a0a, 0x0a0a, 0x0a0a, 0x0a0a, 0x0a0a, 0x0a0a, 0x0a0a, 0x0a0a, 0x0a0a, 0x0a0a, 0x0a0a,
    0x0a0a, 0x0a0a, 0x0a0a, 0x0d0d, 0x010d, 0x0101, 0x010d, 0x0101, 0x0101, 0x0101, 0x0101, 0x0101,
    0x0101, 0x0101, 0x020d, 0x0202, 0x0202, 0x0202, 0x0202, 0x0202, 0x0202, 0x0202, 0x0202, 0x0202,
    0x0202, 0x0202, 0x0202, 0x0202, 0x0202, 0x0202, 0x0402, 0x0404, 0x0404, 0x0404, 0x0404, 0x0404,
    0x0404, 0x0404, 0x0404, 0x0404, 0x0404, 0x0204, 0x0202, 0x0204, 0x0202, 0x0202, 0x0202, 0x0202,
    0x0202, 0x0202, 0x0202, 0x0202, 0x0202, 0x0202, 0x0202, 0x0202, 0x0202, 0x0202, 0x0202, 0x0202,
    0x0202, 0x0202, 0x0202, 0x0202, 0x0202, 0x0202, 0x0202, 0x0202, 0x0202, 0x0d0d, 0x0d0d, 0x0d0d,
    0x010d, 0x0101, 0x0101, 0x0101, 0x0101, 0x0101, 0x0101, 0x0101, 0x0101, 0x0101, 0x0101, 0x0101,
    0x0101, 0x0101, 0x0101, 0x0101, 0x0101, 0x0101, 0x0101, 0x0101, 0x0101, 0x0101, 0x0101, 0x0101,
    0x0101, 0x0101, 0x0101, 0x0101, 0x0101, 0x0101, 0x0101, 0x0101, 0x0d01, 0x0d0d, 0x0a0d, 0x0a0a,
    0x0a0a, 0x0a0a, 0x0a0a, 0x0a0a, 0x0a0a, 0x0a0a, 0x0a0a, 0x0a0a, 0x0a0a, 0x0a0a, 0x0a0a, 0x0a0a,
    0x0a0a, 0x0a0a, 0x0a0a, 0x0d0d, 0x0101, 0x0d01, 0x0101, 0x0101, 0x0101, 0x0101, 0x0101, 0x0101,
    0x0101, 0x0d01, 0x020d, 0x0202, 0x0202, 0x0202, 0x0202, 0x0202, 0x0202, 0x0202, 0x0202, 0x0202,
    0x0202, 0x0202, 0x0202, 0x0202, 0x0202, 0x0202, 0x0402, 0x0404, 0x0404, 0x0404, 0x0404, 0x0404,
    0x0404, 0x0404, 0x0404, 0x0404, 0x0404, 0x0404, 0x0202, 0x0402, 0x0202, 0x0202, 0x0202, 0x0202,
    0x0202, 0x0202, 0x0202, 0x0202, 0x0202, 0x0202, 0x0202, 0x0202, 0x0202, 0x0202, 0x0202, 0x0202,
    0x0202, 0x0202, 0x0202, 0x0202, 0x0202, 0x0202, 0x0202, 0x0202, 0x0202, 0x0202, 0x0202, 0x0202,
    0x0d02, 0x0d0d, 0x0d0d, 0x0d0d, 0x0101, 0x0101, 0x0101, 0x0101, 0x0101, 0x0101, 0x0101, 0x0101,
    0x0101, 0x0101, 0x0101, 0x0101, 0x0101, 0x0101, 0x0101, 0x0101, 0x0101, 0x0101, 0x0101, 0x0101,
    0x0101, 0x0101, 0x0101, 0x0101, 0x0101, 0x0101, 0x0101, 0x0101, 0x0d01, 0x0d0d, 0x0a0d, 0x0a0a,
    0x0a0a, 0x0a0a, 0x0a0a, 0x0a0a, 0x0a0a, 0x0a0a, 0x0a0a, 0x0a0a, 0x0a0a, 0x0a0a, 0x0a0a, 0x0a0a,
    0x0a0a, 0x0a0a, 0x0d0a, 0x0d0d, 0x0101, 0x0d01, 0x0101, 0x0101, 0x0101, 0x0101, 0x0101, 0x0101,
    0x0101, 0x0d01, 0x0202, 0x0202, 0x0202, 0x0202, 0x0202, 0x0202, 0x0202, 0x0202, 0x0202, 0x0202,
    0x0202, 0x0202, 0x0202, 0x0202, 0x0202, 0x0202, 0x0402, 0x0404, 0x0404, 0x0404, 0x0404, 0x0404,
    0x0404, 0x0404, 0x0404, 0x0404, 0x0404, 0x0404, 0x0202, 0x0402, 0x0202, 0x0202, 0x0202, 0x0202,
    0x0202, 0x0202, 0x0202, 0x0202, 0x0202, 0x0202, 0x0202, 0x0202, 0x0202, 0x0202, 0x0202, 0x0202,
    0x0202, 0x0202, 0x0202, 0x0202, 0x0202, 0x0202, 0x0202, 0x0202, 0x0202, 0x0202, 0x0202, 0x0202,
    0x0202, 0x0202, 0x0202, 0x0202, 0x0d0d, 0x0d0d, 0x0d0d, 0x010d, 0x0101, 0x0101, 0x0101, 0x0101,
    0x0101, 0x0101, 0x0101, 0x0101, 0x0101, 0x0101, 0x0101, 0x0101, 0x0101, 0x0101, 0x0101, 0x0101,
    0x0101, 0x0101, 0x0101, 0x0101, 0x0101, 0x0101, 0x0101, 0x0101, 0x0d01, 0x0d0d, 0x0a0d, 0x0a0a,
    0x0a0a, 0x0a0a, 0x0a0a, 0x0a0a, 0x0a0a, 0x0a0a, 0x0a0a, 0x0a0a, 0x0a0a, 0x0a0a, 0x0a0a, 0x0a0a,
    0x0a0a, 0x0a0a, 0x0d0a, 0x010d, 0x0101, 0x010d, 0x0101, 0x0101, 0x0101, 0x0101, 0x0101, 0x0101,
    0x0101, 0x0d0d, 0x0202, 0x0202, 0x0202, 0x0202, 0x0202, 0x0202, 0x0202, 0x0202, 0x0202, 0x0202,
    0x0202, 0x0202, 0x0202, 0x0202, 0x0202, 0x0202, 0x0202, 0x0404, 0x0404, 0x0404, 0x0404, 0x0404,
    0x0404, 0x0404, 0x0404, 0x0404, 0x0404, 0x0404, 0x0204, 0x0202, 0x0204, 0x0202, 0x0202, 0x0202,
    0x0202, 0x0202, 0x0202, 0x0202, 0x0202, 0x0202, 0x0202, 0x0202, 0x0202, 0x0202, 0x0202, 0x0202,
    0x0202, 0x0202, 0x0202, 0x0202, 0x0202, 0x0202, 0x0202, 0x0202, 0x0202, 0x0202, 0x0202, 0x0202,
    0x0202, 0x0202, 0x0202, 0x0202, 0x0202, 0x0202, 0x0202, 0x0d02, 0x0d0d, 0x0d0d, 0x010d, 0x0101,
    0x0101, 0x0101, 0x0101, 0x0101, 0x0101, 0x0101, 0x0101, 0x0101, 0x0101, 0x0101, 0x0101, 0x0101,
    0x0101, 0x0101, 0x0101, 0x0101, 0x0101, 0x0101, 0x0101, 0x0101, 0x0d0d, 0x0d0d, 0x0a0d, 0x0a0a,
    0x0a0a, 0x0a0a, 0x0a0a, 0x0a0a, 0x0a0a, 0x0a0a, 0x0a0a, 0x0a0a, 0x0a0a, 0x0a0a, 0x0a0a, 0x0a0a,
    0x0a0a, 0x0a0a, 0x0d0d, 0x010d, 0x0101, 0x010d, 0x0101, 0x0101, 0x0101, 0x0101, 0x0101, 0x0101,
    0x0d01, 0x020d, 0x0202, 0x0202, 0x0202, 0x0202, 0x0202, 0x0202, 0x0202, 0x0202, 0x0202, 0x0202,
    0x0202, 0x0202, 0x0202, 0x0202, 0x0202, 0x0202, 0x0202, 0x0404, 0x0404, 0x0404, 0x0404, 0x0404,
    0x0404, 0x0404, 0x0404, 0x0404, 0x0404, 0x0404, 0x0204, 0x0202, 0x0204, 0x0202, 0x0202, 0x0202,
    0x0202, 0x0202, 0x0202, 0x0202, 0x0202, 0x0202, 0x0202, 0x0202, 0x0202, 0x0202, 0x0202, 0x0202,
    0x0202, 0x0202, 0x0202, 0x0202, 0x0202, 0x0202, 0x0202, 0x0202, 0x0202, 0x0202, 0x0202, 0x0202,
    0x0202, 0x0202, 0x0202, 0x0202, 0x0202, 0x0202, 0x0202, 0x0202, 0x0202, 0x0202, 0x0d02, 0x0d0d,
    0x0d0d, 0x0d0d, 0x0101, 0x0101, 0x0101, 0x0101, 0x0101, 0x0101, 0x0101, 0x0101, 0x0101, 0x0101,
    0x0101, 0x0101, 0x0101, 0x0101, 0x0101, 0x0101, 0x0101, 0x0101, 0x0d0d, 0x0d09, 0x0a0d, 0x0a0a,
    0x0a0a, 0x0a0a, 0x0a0a, 0x0a0a, 0x0a0a, 0x0a0a, 0x0a0a, 0x0a0a, 0x0a0a, 0x0a0a, 0x0a0a, 0x0a0a,
    0x0a0a, 0x0a0a, 0x0d0d, 0x0101, 0x0d01, 0x0101, 0x0101, 0x0101, 0x0101, 0x0101, 0x0101, 0x0101,
    0x0d01, 0x020d, 0x0202, 0x0202, 0x0202, 0x0202, 0x0202, 0x0202, 0x0202, 0x0202, 0x0202, 0x0202,
    0x0202, 0x0202, 0x0202, 0x0202, 0x0202, 0x0202, 0x0202, 0x0402, 0x0404, 0x0404, 0x0404, 0x0404,
    0x0404, 0x0404, 0x0404, 0x0404, 0x0404, 0x0404, 0x0404, 0x0202, 0x0402, 0x0202, 0x0202, 0x0202,
    0x0202, 0x0202, 0x0202, 0x0202, 0x0202, 0x0202, 0x0202, 0x0202, 0x0202, 0x0202, 0x0202, 0x0202,
    0x0202, 0x0202, 0x0202, 0x0202, 0x0202, 0x0202, 0x0202, 0x0202, 0x0202, 0x0202, 0x0202, 0x0202,
    0x0202, 0x0202, 0x0202, 0x0202, 0x0202, 0x0202, 0x0202, 0x0202, 0x0202, 0x0202, 0x0202, 0x0202,
    0x0202, 0x0202, 0x0d0d, 0x0d0d, 0x0d0d, 0x0101, 0x0101, 0x0101, 0x0101, 0x0101, 0x0101, 0x0101,
    0x0101, 0x0101, 0x0101, 0x0101, 0x0101, 0x0101, 0x0101, 0x0d01, 0x0d0d, 0x0d09, 0x0a0d, 0x0a0a,
    0x0a0a, 0x0a0a, 0x0a0a, 0x0a0a, 0x0a0a, 0x0a0a, 0x0a0a, 0x0a0a, 0x0a0a, 0x0a0a, 0x0a0a, 0x0a0a,
    0x0a0a, 0x0d0a, 0x0d0d, 0x0101, 0x010d, 0x0101, 0x0101, 0x0101, 0x0101, 0x0101, 0x0101, 0x0101,
    0x0d0d, 0x0202, 0x0202, 0x0202, 0x0202, 0x0202, 0x0202, 0x0202, 0x0202, 0x0202, 0x0202, 0x0202,
    0x0202, 0x0202, 0x0202, 0x0202, 0x0202, 0x0202, 0x0202, 0x0402, 0x0404, 0x0404, 0x0404, 0x0404,
    0x0404, 0x0404, 0x0404, 0x0404, 0x0404, 0x0404, 0x0404, 0x0202, 0x0402, 0x0202, 0x0202, 0x0202,
    0x0202, 0x0202, 0x0202, 0x0202, 0x0202, 0x0202, 0x0202, 0x0202, 0x0202, 0x0202, 0x0202, 0x0202,
    0x0202, 0x0202, 0x0202, 0x0202, 0x0202, 0x0202, 0x0202, 0x0202, 0x0202, 0x0202, 0x0202, 0x0202,
    0x0202, 0x0202, 0x0202, 0x0202, 0x0202, 0x0202, 0x0202, 0x0202, 0x0202, 0x0202, 0x0202, 0x0202,
    0x0202, 0x0202, 0x0202, 0x0202, 0x0202, 0x0d0d, 0x0101, 0x0101, 0x0101, 0x0101, 0x0101, 0x0101,
    0x0101, 0x0101, 0x0101, 0x0101, 0x0d0d, 0x0d0d, 0x010d, 0x0d01, 0x090d, 0x0d09, 0x0a0d, 0x0a0a,
    0x0a0a, 0x0a0a, 0x0a0a, 0x0a0a, 0x0a0a, 0x0a0a, 0x0a0a, 0x0a0a, 0x0a0a, 0x0a0a, 0x0a0a, 0x0a0a,
    0x0a0a, 0x0d0a, 0x010d, 0x0101, 0x010d, 0x0101, 0x0101, 0x0101, 0x0101, 0x0101, 0x0101, 0x0101,
    0x0d0d, 0x0202, 0x0202, 0x0202, 0x0202, 0x0202, 0x0202, 0x0202, 0x0202, 0x0d0d, 0x0d0d, 0x0d0d,
    0x0d0d, 0x0202, 0x0202, 0x0202, 0x0202, 0x0202, 0x0202, 0x0202, 0x0404, 0x0404, 0x0404, 0x0404,
    0x0404, 0x0404, 0x0404, 0x0404, 0x0404, 0x0404, 0x0404, 0x0204, 0x0202, 0x0204, 0x0202, 0x0202,
    0x0202, 0x0202, 0x0202, 0x0202, 0x0202, 0x0202, 0x0202, 0x0202, 0x0202, 0x0202, 0x0202, 0x0202,
    0x0202, 0x0202, 0x0202, 0x0202, 0x0202, 0x0202, 0x0202, 0x0202, 0x0202, 0x0202, 0x0202, 0x0202,
    0x0202, 0x0202, 0x0202, 0x0202, 0x0202, 0x0202, 0x0202, 0x0202, 0x0202, 0x0202, 0x0202, 0x0202,
    0x0202, 0x0202, 0x0202, 0x0202, 0x0202, 0x0d02, 0x0101, 0x0101, 0x0101, 0x0101, 0x0101, 0x0101,
    0x0101, 0x0101, 0x0101, 0x0101, 0x0901, 0x0909, 0x0d0d, 0x0d0d, 0x090d, 0x0d0d, 0x0a0a, 0x0a0a,
    0x0a0a, 0x0a0a, 0x0a0a, 0x0a0a, 0x0a0a, 0x0a0a, 0x0a0a, 0x0a0a, 0x0a0a, 0x0a0a, 0x0a0a, 0x0a0a,
    0x0a0a, 0x0d0d, 0x0101, 0x0d01, 0x0101, 0x0101, 0x0101, 0x0101, 0x0101, 0x0101, 0x0101, 0x0d01,
    0x020d, 0x0202, 0x0202, 0x0202, 0x0202, 0x0202, 0x0202, 0x0202, 0x0d0d, 0x0d0d, 0x0d0d, 0x0d0d,
    0x0d0d, 0x0d0d, 0x0202, 0x0202, 0x0d02, 0x020d, 0x0202, 0x0202, 0x0404, 0x0404, 0x0404, 0x0404,
    0x0404, 0x0404, 0x0404, 0x0404, 0x0404, 0x0404, 0x0404, 0x0204, 0x0202, 0x0204, 0x0202, 0x0202,
    0x0202, 0x0202, 0x0202, 0x0202, 0x0202, 0x0202, 0x0202, 0x0202, 0x0202, 0x0202, 0x0202, 0x0202,
    0x0202, 0x0202, 0x0202, 0x0202, 0x0202, 0x0202, 0x0202, 0x0202, 0x0202, 0x0202, 0x0202, 0x0202,
    0x0202, 0x0202, 0x0202, 0x0202, 0x0202, 0x0202, 0x0202, 0x0202, 0x0202, 0x0202, 0x0202, 0x0202,
    0x0202, 0x0202, 0x0202, 0x0202, 0x0202, 0x0d02, 0x0101, 0x0101, 0x0101, 0x0101, 0x0101, 0x0101,
    0x0101, 0x0101, 0x010d, 0x0101, 0x0d01, 0x090d, 0x0909, 0x0d0d, 0x0909, 0x0d0d, 0x0a0a, 0x0a0a,
    0x0a0a, 0x0a0a, 0x0a0a, 0x0a0a, 0x0a0a, 0x0a0a, 0x0a0a, 0x0a0a, 0x0a0a, 0x0a0a, 0x0a0a, 0x0a0a,
    0x0a0a, 0x0d0d, 0x0101, 0x0d01, 0x0101, 0x0101, 0x0101, 0x0101, 0x0101, 0x0101, 0x0101, 0x0d01,
    0x0202, 0x0202, 0x0202, 0x0202, 0x0202, 0x0202, 0x0202, 0x0d02, 0x0d0d, 0x0d0d, 0x0202, 0x0202,
    0x0d02, 0x020d, 0x0202, 0x0d0d, 0x0d0d, 0x0d0d, 0x0d0d, 0x020d, 0x0402, 0x0404, 0x0404, 0x0404,
    0x0404, 0x0404, 0x0404, 0x0404, 0x0404, 0x0404, 0x0404, 0x0404, 0x0202, 0x0402, 0x0202, 0x0202,
    0x0202, 0x0202, 0x0202, 0x0202, 0x0202, 0x0202, 0x0202, 0x0202, 0x0202, 0x0202, 0x0202, 0x0202,
    0x0202, 0x0202, 0x0202, 0x0202, 0x0202, 0x0202, 0x0202, 0x0202, 0x0202, 0x0202, 0x0202, 0x0202,
    0x0202, 0x0202, 0x0202, 0x0202, 0x0202, 0x0202, 0x0202, 0x0202, 0x0202, 0x0202, 0x0202, 0x0202,
    0x0202, 0x0202, 0x0202, 0x0202, 0x0202, 0x0d02, 0x0101, 0x0101, 0x0101, 0x0101, 0x0101, 0x0101,
    0x0101, 0x0101, 0x010d, 0x0101, 0x0d01, 0x090d, 0x0909, 0x0909, 0x0d09, 0x0a0d, 0x0a0a, 0x0a0a,
    0x0a0a, 0x0a0a, 0x0a0a, 0x0a0a, 0x0a0a, 0x0a0a, 0x0a0a, 0x0a0a, 0x0a0a, 0x0a0a, 0x0a0a, 0x0a0a,
    0x0d0a, 0x010d, 0x0101, 0x010d, 0x0101, 0x0101, 0x0101, 0x0101, 0x0101, 0x0101, 0x0101, 0x0d0d,
    0x0202, 0x0202, 0x0202, 0x0202, 0x0202, 0x0202, 0x0202, 0x0d02, 0x0d0d, 0x0202, 0x0202, 0x0202,
    0x0202, 0x0202, 0x0d0d, 0x0d0d, 0x0d0d, 0x0d0d, 0x0d0d, 0x0d0d, 0x0402, 0x0404, 0x0d04, 0x0d0d,
    0x0404, 0x0404, 0x0404, 0x0404, 0x0404, 0x0404, 0x0404, 0x0404, 0x0204, 0x0402, 0x0202, 0x0202,
    0x0202, 0x0202, 0x0202, 0x0202, 0x0202, 0x0202, 0x0202, 0x0202, 0x0202, 0x0202, 0x0202, 0x0202,
    0x0202, 0x0202, 0x0202, 0x0202, 0x0202, 0x0202, 0x0202, 0x0202, 0x0202, 0x0202, 0x0202, 0x0202,
    0x0202, 0x0202, 0x0202, 0x0202, 0x0202, 0x0202, 0x0202, 0x0202, 0x0202, 0x0202, 0x0202, 0x0202,
    0x0202, 0x0202, 0x0202, 0x0202, 0x0202, 0x0d02, 0x0101, 0x0101, 0x0101, 0x0101, 0x0101, 0x0101,
    0x0101, 0x0d01, 0x0101, 0x0101, 0x090d, 0x090d, 0x0909, 0x0909, 0x0d09, 0x0a0d, 0x0a0a, 0x0a0a,
    0x0a0a, 0x0a0a, 0x0a0a, 0x0a0a, 0x0a0a, 0x0a0a, 0x0a0a, 0x0a0a, 0x0a0a, 0x0a0a, 0x0a0a, 0x0a0a,
    0x0d0a, 0x010d, 0x0101, 0x010d, 0x0101, 0x0101, 0x0101, 0x0101, 0x0101, 0x0101, 0x0101, 0x020d,
    0x0202, 0x0202, 0x0202, 0x0202, 0x0202, 0x0202, 0x0202, 0x0d0d, 0x0d0d, 0x0202, 0x0202, 0x0202,
    0x0202, 0x0d02, 0x0d0d, 0x020d, 0x0202, 0x0202, 0x0d02, 0x0d0d, 0x020d, 0x0404, 0x0d0d, 0x0d0d,
    0x0404, 0x0404, 0x0404, 0x0404, 0x0404, 0x0404, 0x0404, 0x0404, 0x0204, 0x0202, 0x0204, 0x0202,
    0x0202, 0x0202, 0x0202, 0x0202, 0x0202, 0x0202, 0x0202, 0x0202, 0x0202, 0x0202, 0x0202, 0x0202,
    0x0202, 0x0202, 0x0202, 0x0202, 0x0202, 0x0202, 0x0202, 0x0202, 0x0202, 0x0202, 0x0202, 0x0202,
    0x0202, 0x0202, 0x0202, 0x0202, 0x0202, 0x0202, 0x0202, 0x0202, 0x0202, 0x0202, 0x0202, 0x0202,
    0x0202, 0x0202, 0x0202, 0x0202, 0x0202, 0x0d0d, 0x0101, 0x0101, 0x0101, 0x0101, 0x0101, 0x0101,
    0x0101, 0x0d01, 0x0101, 0x0101, 0x090d, 0x0d0d, 0x0909, 0x0909, 0x0d0d, 0x0a0d, 0x0a0a, 0x0a0a,
    0x0a0a, 0x0a0a, 0x0a0a, 0x0a0a, 0x0a0a, 0x0a0a, 0x0a0a, 0x0a0a, 0x0a0a, 0x0a0a, 0x0a0a, 0x0a0a,
    0x0d0d, 0x0101, 0x0d01, 0x0101, 0x0101, 0x0101, 0x0101, 0x0101, 0x0101, 0x0101, 0x0d01, 0x020d,
    0x0202, 0x0202, 0x0202, 0x0202, 0x0202, 0x0202, 0x0202, 0x0d0d, 0x0d0d, 0x0202, 0x0202, 0x0202,
    0x0202, 0x0d0d, 0x0d0d, 0x0202, 0x0202, 0x0202, 0x0202, 0x0d0d, 0x020d, 0x0404, 0x0d0d, 0x0d0d,
    0x0404, 0x0404, 0x0404, 0x0d04, 0x0d0d, 0x0d0d, 0x040d, 0x0404, 0x0404, 0x0202, 0x0204, 0x0202,
    0x0202, 0x0202, 0x0202, 0x0202, 0x0202, 0x0202, 0x0202, 0x0202, 0x0202, 0x0202, 0x0202, 0x0202,
    0x0202, 0x0202, 0x0202, 0x0202, 0x0202, 0x0202, 0x0202, 0x0202, 0x0202, 0x0202, 0x0202, 0x0202,
    0x0202, 0x0202, 0x0202, 0x0202, 0x0202, 0x0202, 0x0202, 0x0202, 0x0202, 0x0202, 0x0202, 0x0202,
    0x0202, 0x0202, 0x0202, 0x0202, 0x0202, 0x010d, 0x0101, 0x0101, 0x0101, 0x0101, 0x0101, 0x0101,
    0x0101, 0x010d, 0x0101, 0x0d01, 0x0909, 0x0d0d, 0x090d, 0x0d09, 0x0d0d, 0x0a00, 0x0a0a, 0x0a0a,
    0x0a0a, 0x0a0a, 0x0a0a, 0x0a0a, 0x0a0a, 0x0a0a, 0x0a0a, 0x0a0a, 0x0a0a, 0x0a0a, 0x0a0a, 0x0a0a,
    0x0d0d, 0x0101, 0x0d01, 0x0101, 0x0101, 0x0101, 0x0101, 0x0101, 0x0101, 0x0101, 0x0d01, 0x0202,
    0x0202, 0x0202, 0x0202, 0x0202, 0x0202, 0x0202, 0x0202, 0x0d0d, 0x0d0d, 0x0202, 0x0202, 0x0202,
    0x0202, 0x0d0d, 0x0d0d, 0x0202, 0x0202, 0x0202, 0x0202, 0x0d0d, 0x020d, 0x0d02, 0x0d0d, 0x040d,
    0x0404, 0x0404, 0x0404, 0x0d04, 0x0d0d, 0x0d0d, 0x0d0d, 0x0d0d, 0x0404, 0x0202, 0x0402, 0x0202,
    0x0202, 0x0202, 0x0202, 0x0202, 0x0202, 0x0202, 0x0202, 0x0202, 0x0202, 0x0202, 0x0202, 0x0202,
    0x0202, 0x0202, 0x0202, 0x0202, 0x0202, 0x0202, 0x0202, 0x0202, 0x0202, 0x0202, 0x0202, 0x0202,
    0x0202, 0x0202, 0x0202, 0x0202, 0x0202, 0x0202, 0x0202, 0x0202, 0x0202, 0x0202, 0x0202, 0x0202,
    0x0202, 0x0202, 0x0202, 0x0202, 0x0d02, 0x010d, 0x0101, 0x0101, 0x0101, 0x0101, 0x0101, 0x0101,
    0x0101, 0x010d, 0x0101, 0x0d01, 0x0909, 0x0d0d, 0x0d0d, 0x0d0d, 0x000d, 0x0a00, 0x0a0a, 0x0a0a,
    0x0a0a, 0x0a0a, 0x0a0a, 0x0a0a, 0x0a0a, 0x0a0a, 0x0a0a, 0x0a0a, 0x0a0a, 0x0a0a, 0x0a0a, 0x0d0a,
    0x010d, 0x0101, 0x010d, 0x0101, 0x0101, 0x0101, 0x0101, 0x0101, 0x0101, 0x0101, 0x0d0d, 0x0202,
    0x0202, 0x0202, 0x0202, 0x0202, 0x0202, 0x0202, 0x0202, 0x0d02, 0x0d0d, 0x0d0d, 0x0202, 0x0202,
    0x0202, 0x0d0d, 0x0d0d, 0x0202, 0x0202, 0x0202, 0x0d02, 0x0d0d, 0x020d, 0x0d02, 0x0d0d, 0x040d,
    0x0404, 0x0404, 0x0404, 0x0d0d, 0x0d0d, 0x0404, 0x0d0d, 0x0d0d, 0x040d, 0x0204, 0x0402, 0x0d0d,
    0x0d0d, 0x0202, 0x0202, 0x0202, 0x0202, 0x0202, 0x0202, 0x0202, 0x0202, 0x0202, 0x0202, 0x0202,
    0x0202, 0x0202, 0x0202, 0x0202, 0x0202, 0x0202, 0x0202, 0x0202, 0x0202, 0x0202, 0x0202, 0x0202,
    0x0202, 0x0202, 0x0202, 0x0202, 0x0202, 0x0202, 0x0202, 0x0202, 0x0202, 0x0202, 0x0202, 0x0202,
    0x0202, 0x0202, 0x0202, 0x0202, 0x0d02, 0x0101, 0x0101, 0x0101, 0x0101, 0x0101, 0x0101, 0x0101,
    0x0d01, 0x0101, 0x0101, 0x0d01, 0x0909, 0x0d0d, 0x0000, 0x0000, 0x0000, 0x0a00, 0x0a0a, 0x0a0a,
    0x0a0a, 0x0a0a, 0x0a0a, 0x0a0a, 0x0a0a, 0x0a0a, 0x0a0a, 0x0a0a, 0x0a0a, 0x0a0a, 0x0a0a, 0x0d0d,
    0x010d, 0x0101, 0x010d, 0x0101, 0x0101, 0x0101, 0x0101, 0x0101, 0x0101, 0x0101, 0x020d, 0x0202,
    0x0202, 0x0202, 0x0202, 0x0202, 0x0202, 0x0202, 0x0202, 0x0202, 0x0d0d, 0x0d0d, 0x0d0d, 0x0d0d,
    0x0202, 0x0d0d, 0x0d0d, 0x0202, 0x0202, 0x0202, 0x0d0d, 0x0d0d, 0x020d, 0x0d0d, 0x0d0d, 0x0404,
    0x0404, 0x0404, 0x0404, 0x0d0d, 0x040d, 0x0404, 0x0404, 0x0d0d, 0x0d0d, 0x0204, 0x0d02, 0x0d0d,
    0x0d0d, 0x0d0d, 0x0d0d, 0x0202, 0x0202, 0x0202, 0x0202, 0x0202, 0x0202, 0x0202, 0x0202, 0x0202,
    0x0202, 0x0202, 0x0202, 0x0202, 0x0202, 0x0202, 0x0202, 0x0202, 0x0202, 0x0202, 0x0202, 0x0202,
    0x0202, 0x0202, 0x0202, 0x0202, 0x0202, 0x0202, 0x0202, 0x0202, 0x0202, 0x0202, 0x0202, 0x0202,
    0x0202, 0x0202, 0x0202, 0x0202, 0x0d02, 0x0101, 0x0101, 0x0101, 0x0101, 0x0101, 0x0101, 0x0101,
    0x0d01, 0x0101, 0x0101, 0x090d, 0x0d09, 0x0d0d, 0x0000, 0x0000, 0x0000, 0x0a00, 0x0a0a, 0x0a0a,
    0x0a0a, 0x0a0a, 0x0a0a, 0x0a0a, 0x0a0a, 0x0a0a, 0x0a0a, 0x0a0a, 0x0a0a, 0x0a0a, 0x0a0a, 0x0d0d,
    0x0101, 0x0d01, 0x0101, 0x0101, 0x0101, 0x0101, 0x0101, 0x0101, 0x0101, 0x0d01, 0x020d, 0x0202,
    0x0202, 0x0202, 0x0202, 0x0202, 0x0202, 0x0202, 0x0202, 0x0202, 0x0202, 0x0d02, 0x0d0d, 0x0d0d,
    0x0202, 0x0d02, 0x0d0d, 0x0d0d, 0x020d, 0x0d0d, 0x0d0d, 0x0d0d, 0x0202, 0x0d0d, 0x0d0d, 0x0404,
    0x0404, 0x0404, 0x0d04, 0x0d0d, 0x040d, 0x0404, 0x0404, 0x0d0d, 0x0d0d, 0x0404, 0x0d02, 0x0d0d,
    0x0202, 0x0d0d, 0x0d0d, 0x020d, 0x0202, 0x0202, 0x0d0d, 0x020d, 0x0202, 0x0202, 0x0202, 0x0202,
    0x0202, 0x0202, 0x0202, 0x0202, 0x0202, 0x0202, 0x0202, 0x0202, 0x0202, 0x0202, 0x0202, 0x0202,
    0x0202, 0x0202, 0x0202, 0x0202, 0x0202, 0x0202, 0x0202, 0x0202, 0x0202, 0x0202, 0x0202, 0x0202,
    0x0202, 0x0202, 0x0202, 0x0202, 0x0d0d, 0x0101, 0x0101, 0x0101, 0x0101, 0x0101, 0x0101, 0x0101,
    0x010d, 0x0101, 0x0101, 0x090d, 0x0d09, 0x000d, 0x0000, 0x0000, 0x0000, 0x0a00, 0x0a0a, 0x0a0a,
    0x0a0a, 0x0a0a, 0x0a0a, 0x0a0a, 0x0a0a, 0x0a0a, 0x0a0a, 0x0a0a, 0x0a0a, 0x0a0a, 0x0d0a, 0x0d0d,
    0x0101, 0x0d01, 0x0101, 0x0101, 0x0101, 0x0101, 0x0101, 0x0101, 0x0101, 0x0d01, 0x0202, 0x0202,
    0x0202, 0x0202, 0x0202, 0x0202, 0x0202, 0x0202, 0x0202, 0x0202, 0x0202, 0x0202, 0x0202, 0x0202,
    0x0202, 0x0202, 0x0d02, 0x0d0d, 0x0d0d, 0x0d0d, 0x0d0d, 0x0202, 0x0d02, 0x0d0d, 0x040d, 0x0404,
    0x0404, 0x0404, 0x0d04, 0x0d0d, 0x0404, 0x0404, 0x0404, 0x0d0d, 0x0d0d, 0x0404, 0x0d0d, 0x0d0d,
    0x0202, 0x0202, 0x0d0d, 0x020d, 0x0202, 0x0d02, 0x0d0d, 0x0d0d, 0x0202, 0x0202, 0x0202, 0x0202,
    0x0202, 0x0202, 0x0202, 0x0202, 0x0202, 0x0202, 0x0202, 0x0202, 0x0202, 0x0202, 0x0202, 0x0202,
    0x0202, 0x0202, 0x0202, 0x0202, 0x0202, 0x0202, 0x0202, 0x0202, 0x0202, 0x0202, 0x0202, 0x0202,
    0x0202, 0x0202, 0x0202, 0x0202, 0x010d, 0x0101, 0x0101, 0x0101, 0x0101, 0x0101, 0x0101, 0x0101,
    0x010d, 0x0101, 0x0d01, 0x0909, 0x0d09, 0x000d, 0x0000, 0x0000, 0x0000, 0x0a00, 0x0a0a, 0x0a0a,
    0x0a0a, 0x0a0a, 0x0a0a, 0x0a0a, 0x0a0a, 0x0a0a, 0x0a0a, 0x0a0a, 0x0a0a, 0x0a0a, 0x0d0a, 0x010d,
    0x0101, 0x010d, 0x0101, 0x0101, 0x0101, 0x0101, 0x0101, 0x0101, 0x0101, 0x0d0d, 0x0202, 0x0202,
    0x0202, 0x0202, 0x0202, 0x0202, 0x0202, 0x0202, 0x0202, 0x0202, 0x0202, 0x0202, 0x0202, 0x0202,
    0x0202, 0x0202, 0x0202, 0x0202, 0x0d0d, 0x0202, 0x0202, 0x0202, 0x0d02, 0x0d0d, 0x0d0d, 0x040d,
    0x0404, 0x0404, 0x0d0d, 0x0d0d, 0x0404, 0x0404, 0x0404, 0x0d0d, 0x0d0d, 0x0404, 0x0d0d, 0x040d,
    0x0202, 0x0d02, 0x0d0d, 0x020d, 0x0202, 0x0d0d, 0x0d0d, 0x0d0d, 0x0202, 0x0202, 0x0202, 0x0d0d,
    0x0d0d, 0x0202, 0x0202, 0x0202, 0x0202, 0x0202, 0x0202, 0x0202, 0x0202, 0x0202, 0x0202, 0x0202,
    0x0202, 0x0202, 0x0202, 0x0202, 0x0202, 0x0202, 0x0202, 0x0202, 0x0202, 0x0202, 0x0202, 0x0202,
    0x0202, 0x0202, 0x0202, 0x0d02, 0x010d, 0x0101, 0x0101, 0x0101, 0x0101, 0x0101, 0x0101, 0x0101,
    0x010d, 0x0101, 0x0d01, 0x0909, 0x0d0d, 0x000d, 0x0000, 0x0000, 0x0000, 0x0a00, 0x0a0a, 0x0a0a,
    0x0a0a, 0x0a0a, 0x0a0a, 0x0a0a, 0x0a0a, 0x0a0a, 0x0a0a, 0x0a0a, 0x0a0a, 0x0a0a, 0x0d0d, 0x010d,
    0x0101, 0x010d, 0x0101, 0x0101, 0x0101, 0x0101, 0x0101, 0x0101, 0x0101, 0x020d, 0x0202, 0x0202,
    0x0202, 0x0202, 0x0202, 0x0202, 0x0202, 0x0202, 0x0202, 0x0202, 0x0202, 0x0202, 0x0202, 0x0202,
    0x0202, 0x0202, 0x0202, 0x0202, 0x0202, 0x0202, 0x0202, 0x0202, 0x0d02, 0x0d0d, 0x0d0d, 0x0d0d,
    0x0d0d, 0x0404, 0x0d0d, 0x040d, 0x0404, 0x0404, 0x0d0d, 0x0d0d, 0x040d, 0x0d04, 0x0d0d, 0x0d0d,
    0x0d0d, 0x0d0d, 0x0d0d, 0x0202, 0x0d02, 0x0d0d, 0x0d02, 0x0d0d, 0x020d, 0x0202, 0x0202, 0x0d0d,
    0x020d, 0x0202, 0x0d02, 0x0d0d, 0x0d0d, 0x0202, 0x0202, 0x0202, 0x0202, 0x0202, 0x0202, 0x0202,
    0x0202, 0x0202, 0x0202, 0x0202, 0x0202, 0x0202, 0x0202, 0x0202, 0x0202, 0x0202, 0x0202, 0x0202,
    0x0202, 0x0202, 0x0202, 0x0d02, 0x0101, 0x0101, 0x0101, 0x0101, 0x0101, 0x0101, 0x0101, 0x0d01,
    0x0101, 0x0101, 0x090d, 0x0909, 0x0d0d, 0x0000, 0x0000, 0x0000, 0x0000, 0x0a00, 0x0a0a, 0x0a0a,
    0x0a0a, 0x0a0a, 0x0a0a, 0x0a0a, 0x0a0a, 0x0a0a, 0x0a0a, 0x0a0a, 0x0a0a, 0x0a0a, 0x0d0d, 0x0101,
    0x0d01, 0x0101, 0x0101, 0x0101, 0x0101, 0x0101, 0x0101, 0x0101, 0x0d01, 0x020d, 0x0202, 0x0202,
    0x0202, 0x0202, 0x0202, 0x0202, 0x0202, 0x0202, 0x0202, 0x0202, 0x0202, 0x0202, 0x0202, 0x0202,
    0x0202, 0x0202, 0x0202, 0x0202, 0x0202, 0x0202, 0x0202, 0x0202, 0x0202, 0x0202, 0x0402, 0x0d04,
    0x0d0d, 0x0d04, 0x0d0d, 0x0d0d, 0x0d0d, 0x0d0d, 0x0d0d, 0x0d0d, 0x0404, 0x0d04, 0x0d0d, 0x0d0d,
    0x0d0d, 0x0d0d, 0x020d, 0x0202, 0x0d0d, 0x0d0d, 0x0d02, 0x0d0d, 0x020d, 0x0202, 0x0d02, 0x0d0d,
    0x020d, 0x0d02, 0x0d0d, 0x0d0d, 0x0202, 0x0202, 0x0d0d, 0x020d, 0x0202, 0x0202, 0x0202, 0x0202,
    0x0202, 0x0202, 0x0202, 0x0202, 0x0202, 0x0202, 0x0202, 0x0202, 0x0202, 0x0202, 0x0202, 0x0202,
    0x0202, 0x0202, 0x0202, 0x0d0d, 0x0101, 0x0101, 0x0101, 0x0101, 0x0101, 0x0101, 0x0101, 0x0d01,
    0x0101, 0x0101, 0x090d, 0x0d09, 0x0d0d, 0x0000, 0x0000, 0x0000, 0x0000, 0x0a00, 0x0a0a, 0x0a0a,
    0x0a0a, 0x0a0a, 0x0a0a, 0x0a0a, 0x0a0a, 0x0a0a, 0x0a0a, 0x0a0a, 0x0a0a, 0x0d0a, 0x0d0d, 0x0101,
    0x0d01, 0x0101, 0x0101, 0x0101, 0x0101, 0x0101, 0x0101, 0x0101, 0x0d0d, 0x0202, 0x0202, 0x0202,
    0x0202, 0x0202, 0x0202, 0x0202, 0x0202, 0x0202, 0x0202, 0x0202, 0x0202, 0x0202, 0x0202, 0x0202,
    0x0202, 0x0202, 0x0202, 0x0202, 0x0202, 0x0202, 0x0202, 0x0202, 0x0202, 0x0202, 0x0202, 0x0404,
    0x0404, 0x0404, 0x0404, 0x0d0d, 0x0d0d, 0x0d0d, 0x0d0d, 0x0404, 0x0404, 0x0d0d, 0x0d0d, 0x0202,
    0x0204, 0x0202, 0x0202, 0x0d0d, 0x0d0d, 0x0202, 0x0d02, 0x0d0d, 0x020d, 0x0202, 0x0d02, 0x0d0d,
    0x0d02, 0x0d0d, 0x0d0d, 0x0202, 0x0202, 0x0d02, 0x0d0d, 0x020d, 0x0202, 0x0d0d, 0x0d0d, 0x020d,
    0x0202, 0x0202, 0x0202, 0x0202, 0x0202, 0x0202, 0x0202, 0x0202, 0x0202, 0x0202, 0x0202, 0x0202,
    0x0202, 0x0202, 0x0202, 0x010d, 0x0101, 0x0101, 0x0101, 0x0101, 0x0101, 0x0101, 0x0101, 0x010d,
    0x0101, 0x0101, 0x090d, 0x0d09, 0x000d, 0x0000, 0x0000, 0x0000, 0x0000, 0x0a0a, 0x0a0a, 0x0a0a,
    0x0a0a, 0x0a0a, 0x0a0a, 0x0a0a, 0x0a0a, 0x0a0a, 0x0a0a, 0x0a0a, 0x0a0a, 0x0d0a, 0x010d, 0x0101,
    0x010d, 0x0101, 0x0101, 0x0101, 0x0101, 0x0101, 0x0101, 0x0101, 0x0d0d, 0x0202, 0x0202, 0x0202,
    0x0202, 0x0202, 0x0202, 0x0202, 0x0202, 0x0202, 0x0202, 0x0202, 0x0202, 0x0202, 0x0202, 0x0202,
    0x0202, 0x0202, 0x0202, 0x0202, 0x0202, 0x0202, 0x0202, 0x0202, 0x0202, 0x0202, 0x0202, 0x0404,
    0x0404, 0x0404, 0x0404, 0x0404, 0x0404, 0x0404, 0x0404, 0x0404, 0x0404, 0x0d0d, 0x040d, 0x0204,
    0x0402, 0x0202, 0x0d02, 0x0d0d, 0x0d0d, 0x0d0d, 0x0d0d, 0x0d0d, 0x020d, 0x0202, 0x0d0d, 0x0d0d,
    0x0d0d, 0x0d0d, 0x0202, 0x0202, 0x0202, 0x0d02, 0x0d0d, 0x0202, 0x0d0d, 0x0d0d, 0x0d0d, 0x0202,
    0x0d0d, 0x0d0d, 0x0202, 0x0202, 0x0202, 0x0202, 0x0202, 0x0202, 0x0202, 0x0202, 0x0202, 0x0202,
    0x0202, 0x0202, 0x0d02, 0x010d, 0x0101, 0x0101, 0x0101, 0x0101, 0x0101, 0x0101, 0x0101, 0x010d,
    0x0101, 0x0d01, 0x0909, 0x0d0d, 0x000d, 0x0000, 0x0000, 0x0000, 0x0000, 0x0a0a, 0x0a0a, 0x0a0a,
    0x0a0a, 0x0a0a, 0x0a0a, 0x0a0a, 0x0a0a, 0x0a0a, 0x0a0a, 0x0a0a, 0x0a0a, 0x0d0d, 0x0101, 0x0101,
    0x010d, 0x0101, 0x0101, 0x0101, 0x0101, 0x0101, 0x0101, 0x0d01, 0x020d, 0x0202, 0x0202, 0x0202,
    0x0202, 0x0202, 0x0202, 0x0202, 0x0202, 0x0202, 0x0202, 0x0202, 0x0202, 0x0202, 0x0202, 0x0202,
    0x0202, 0x0202, 0x0202, 0x0202, 0x0202, 0x0202, 0x0202, 0x0202, 0x0202, 0x0202, 0x0202, 0x0402,
    0x0404, 0x0404, 0x0404, 0x0404, 0x0404, 0x0404, 0x0404, 0x0404, 0x0404, 0x0d04, 0x040d, 0x0204,
    0x0402, 0x0202, 0x0d0d, 0x0d0d, 0x0d0d, 0x0d0d, 0x0d0d, 0x0d0d, 0x020d, 0x0202, 0x0d0d, 0x0d0d,
    0x0d0d, 0x0d0d, 0x0202, 0x0202, 0x0202, 0x0d0d, 0x0d0d, 0x0d02, 0x0d0d, 0x020d, 0x0202, 0x0202,
    0x0d0d, 0x0d0d, 0x0202, 0x0202, 0x0d02, 0x0d0d, 0x020d, 0x0202, 0x0202, 0x0202, 0x0202, 0x0202,
    0x0202, 0x0202, 0x0d02, 0x0101, 0x0101, 0x0101, 0x0101, 0x0101, 0x0101, 0x0101, 0x0d01, 0x0101,
    0x0101, 0x0d01, 0x0909, 0x0d0d, 0x0000, 0x0000, 0x0000, 0x0000, 0x0000, 0x0a0a, 0x0a0a, 0x0a0a,
    0x0a0a, 0x0a0a, 0x0a0a, 0x0a0a, 0x0a0a, 0x0a0a, 0x0a0a, 0x0a0a, 0x0a0a, 0x0d0d, 0x0101, 0x0d01,
    0x0101, 0x0101, 0x0101, 0x0101, 0x0101, 0x0101, 0x0101, 0x0d01, 0x020d, 0x0202, 0x0202, 0x0202,
    0x0202, 0x0202, 0x0202, 0x0202, 0x0202, 0x0202, 0x0202, 0x0202, 0x0202, 0x0202, 0x0202, 0x0202,
    0x0202, 0x0202, 0x0202, 0x0202, 0x0202, 0x0202, 0x0202, 0x0202, 0x0202, 0x0202, 0x0202, 0x0402,
    0x0404, 0x0404, 0x0404, 0x0404, 0x0404, 0x0404, 0x0404, 0x0404, 0x0404, 0x0404, 0x0404, 0x0404,
    0x0202, 0x0d04, 0x0d0d, 0x020d, 0x0202, 0x0202, 0x0d02, 0x0d0d, 0x020d, 0x0d02, 0x0d0d, 0x020d,
    0x0d0d, 0x0d0d, 0x0202, 0x0202, 0x0202, 0x0d0d, 0x0d0d, 0x0d0d, 0x0d0d, 0x0202, 0x0202, 0x0d02,
    0x0d0d, 0x020d, 0x0202, 0x0202, 0x0d02, 0x0d0d, 0x0202, 0x0202, 0x0202, 0x0202, 0x0202, 0x0202,
    0x0202, 0x0202, 0x0d0d, 0x0101, 0x0101, 0x0101, 0x0101, 0x0101, 0x0101, 0x0101, 0x0d01, 0x0101,
    0x0101, 0x090d, 0x0d09, 0x0d0d, 0x0000, 0x0000, 0x0000, 0x0000, 0x0000, 0x0a0a, 0x0a0a, 0x0a0a,
    0x0a0a, 0x0a0a, 0x0a0a, 0x0a0a, 0x0a0a, 0x0a0a, 0x0a0a, 0x0a0a, 0x0d0a, 0x010d, 0x0101, 0x010d,
    0x0101, 0x0101, 0x0101, 0x0101, 0x0101, 0x0101, 0x0101, 0x0d0d, 0x0202, 0x0202, 0x0202, 0x0202,
    0x0202, 0x0202, 0x0202, 0x0202, 0x0202, 0x0202, 0x0202, 0x0202, 0x0202, 0x0202, 0x0202, 0x0202,
    0x0202, 0x0202, 0x0202, 0x0202, 0x0202, 0x0202, 0x0202, 0x0202, 0x0202, 0x0202, 0x0202, 0x0202,
    0x0404, 0x0404, 0x0404, 0x0404, 0x0404, 0x0404, 0x0404, 0x0404, 0x0404, 0x0404, 0x0404, 0x0404,
    0x0202, 0x0204, 0x0202, 0x0202, 0x0202, 0x0202, 0x0d02, 0x0d0d, 0x020d, 0x0d02, 0x0d0d, 0x020d,
    0x0d02, 0x0d0d, 0x020d, 0x0202, 0x0d02, 0x0d0d, 0x0d0d, 0x0d0d, 0x020d, 0x0202, 0x0202, 0x0d02,
    0x0d0d, 0x020d, 0x0202, 0x0202, 0x0d0d, 0x0d0d, 0x0202, 0x0202, 0x0202, 0x0202, 0x0202, 0x0202,
    0x0202, 0x0202, 0x010d, 0x0101, 0x0101, 0x0101, 0x0101, 0x0101, 0x0101, 0x0101, 0x010d, 0x0101,
    0x0101, 0x090d, 0x0d09, 0x000d, 0x0000, 0x0000, 0x0000, 0x0000, 0x0000, 0x0a0a, 0x0a0a, 0x0a0a,
    0x0a0a, 0x0a0a, 0x0a0a, 0x0a0a, 0x0a0a, 0x0a0a, 0x0a0a, 0x0a0a, 0x0d0d, 0x010d, 0x0101, 0x010d,
    0x0101, 0x0101, 0x0101, 0x0101, 0x0101, 0x0101, 0x0101, 0x020d, 0x0202, 0x0202, 0x0202, 0x0202,
    0x0202, 0x0202, 0x0202, 0x0202, 0x0202, 0x0202, 0x0202, 0x0202, 0x0202, 0x0202, 0x0202, 0x0202,
    0x0202, 0x0202, 0x0202, 0x0202, 0x0202, 0x0202, 0x0202, 0x0202, 0x0202, 0x0202, 0x0202, 0x0202,
    0x0404, 0x0404, 0x0404, 0x0404, 0x0404, 0x0404, 0x0404, 0x0404, 0x0404, 0x0404, 0x0404, 0x0404,
    0x0204, 0x0402, 0x0202, 0x0202, 0x0202, 0x0202, 0x0202, 0x0d0d, 0x020d, 0x0d02, 0x0d0d, 0x0202,
    0x0d02, 0x0d0d, 0x020d, 0x0202, 0x0d02, 0x0d0d, 0x0202, 0x0d0d, 0x020d, 0x0202, 0x0202, 0x0d0d,
    0x0d0d, 0x0202, 0x0202, 0x0202, 0x0d0d, 0x020d, 0x0202, 0x0202, 0x0202, 0x0202, 0x0202, 0x0202,
    0x0202, 0x0202, 0x010d, 0x0101, 0x0101, 0x0101, 0x0101, 0x0101, 0x0101, 0x0101, 0x010d, 0x0101,
    0x0d01, 0x0909, 0x0d09, 0x000d, 0x0000, 0x0000, 0x0000, 0x0000, 0x0000, 0x0a0a, 0x0a0a, 0x0a0a,
    0x0a0a, 0x0a0a, 0x0a0a, 0x0a0a, 0x0a0a, 0x0a0a, 0x0a0a, 0x0a0a, 0x0d0d, 0x0101, 0x0d01, 0x0101,
    0x0101, 0x0101, 0x0101, 0x0101, 0x0101, 0x0101, 0x0d01, 0x020d, 0x0202, 0x0202, 0x0202, 0x0202,
    0x0202, 0x0202, 0x0202, 0x0202, 0x0202, 0x0202, 0x0202, 0x0202, 0x0202, 0x0202, 0x0202, 0x0202,
    0x0202, 0x0202, 0x0202, 0x0202, 0x0202, 0x0202, 0x0202, 0x0202, 0x0202, 0x0202, 0x0202, 0x0202,
    0x0402, 0x0404, 0x0404, 0x0404, 0x0404, 0x0404, 0x0404, 0x0404, 0x0404, 0x0404, 0x0404, 0x0404,
    0x0204, 0x0402, 0x0202, 0x0202, 0x0202, 0x0202, 0x0202, 0x0202, 0x0202, 0x0202, 0x0d0d, 0x0202,
    0x0202, 0x0d0d, 0x0d0d, 0x0202, 0x0d0d, 0x0d0d, 0x0202, 0x0d0d, 0x0d0d, 0x0202, 0x0202, 0x0d0d,
    0x0d0d, 0x0202, 0x0202, 0x0d02, 0x0d0d, 0x020d, 0x0202, 0x0202, 0x0202, 0x0202, 0x0202, 0x0202,
    0x0202, 0x0d02, 0x010d, 0x0101, 0x0101, 0x0101, 0x0101, 0x0101, 0x0101, 0x0d01, 0x0101, 0x0101,
    0x0d01, 0x0909, 0x0d0d, 0x0000, 0x0000, 0x0000, 0x0000, 0x0000, 0x0a00, 0x0a0a, 0x0a0a, 0x0a0a,
    0x0a0a, 0x0a0a, 0x0a0a, 0x0a0a, 0x0a0a, 0x0a0a, 0x0a0a, 0x0d0a, 0x0d0d, 0x0101, 0x0d01, 0x0101,
    0x0101, 0x0101, 0x0101, 0x0101, 0x0101, 0x0101, 0x0d01, 0x020d, 0x0202, 0x0202, 0x0202, 0x0202,
    0x0202, 0x0202, 0x0202, 0x0202, 0x0202, 0x0202, 0x0202, 0x0202, 0x0202, 0x0202, 0x0202, 0x0202,
    0x0202, 0x0202, 0x0202, 0x0202, 0x0202, 0x0202, 0x0202, 0x0202, 0x0202, 0x0202, 0x0202, 0x0202,
    0x0402, 0x0404, 0x0404, 0x0404, 0x0404, 0x0404, 0x0404, 0x0404, 0x0404, 0x0404, 0x0404, 0x0404,
    0x0404, 0x0202, 0x0204, 0x0202, 0x0202, 0x0202, 0x0202, 0x0202, 0x0202, 0x0202, 0x0202, 0x0202,
    0x0202, 0x0d02, 0x0d0d, 0x0202, 0x0d0d, 0x020d, 0x0202, 0x0d02, 0x0d0d, 0x0202, 0x0202, 0x0d0d,
    0x020d, 0x0202, 0x0202, 0x0d02, 0x0d0d, 0x0202, 0x0202, 0x0202, 0x0202, 0x0202, 0x0202, 0x0202,
    0x0202, 0x0d02, 0x0101, 0x0101, 0x0101, 0x0101, 0x0101, 0x0101, 0x0101, 0x0d01, 0x0101, 0x0101,
    0x090d, 0x0909, 0x0d0d, 0x0000, 0x0000, 0x0000, 0x0000, 0x0000, 0x0a00, 0x0a0a, 0x0a0a, 0x0a0a,
    0x0a0a, 0x0a0a, 0x0a0a, 0x0a0a, 0x0a0a, 0x0a0a, 0x0a0a, 0x0d0a, 0x010d, 0x0101, 0x010d, 0x0101,
    0x0101, 0x0101, 0x0101, 0x0101, 0x0101, 0x0101, 0x0d01, 0x020d, 0x0202, 0x0202, 0x0202, 0x0202,
    0x0202, 0x0202, 0x0202, 0x0202, 0x0202, 0x0202, 0x0202, 0x0202, 0x0202, 0x0202, 0x0202, 0x0202,
    0x0202, 0x0202, 0x0202, 0x0202, 0x0202, 0x0202, 0x0202, 0x0202, 0x0202, 0x0202, 0x0202, 0x0202,
    0x0202, 0x0404, 0x0404, 0x0404, 0x0404, 0x0404, 0x0404, 0x0404, 0x0404, 0x0404, 0x0404, 0x0404,
    0x0404, 0x0204, 0x0204, 0x0202, 0x0202, 0x0202, 0x0202, 0x0202, 0x0202, 0x0202, 0x0202, 0x0202,
    0x0202, 0x0202, 0x0202, 0x0202, 0x0d02, 0x020d, 0x0202, 0x0d02, 0x0d0d, 0x020d, 0x0202, 0x0d0d,
    0x020d, 0x0202, 0x0202, 0x0d0d, 0x0d0d, 0x0202, 0x0202, 0x0202, 0x0202, 0x0202, 0x0202, 0x0202,
    0x0202, 0x0d0d, 0x0101, 0x0101, 0x0101, 0x0101, 0x0101, 0x0101, 0x0101, 0x0d01, 0x0101, 0x0101,
    0x090d, 0x0d09, 0x0d0d, 0x0000, 0x0000, 0x0000, 0x0000, 0x0000, 0x0a00, 0x0a0a, 0x0a0a, 0x0a0a,
    0x0a0a, 0x0a0a, 0x0a0a, 0x0a0a, 0x0a0a, 0x0a0a, 0x0a0a, 0x0d0d, 0x010d, 0x0101, 0x010d, 0x0101,
    0x0101, 0x0101, 0x0101, 0x0101, 0x0101, 0x0101, 0x0101, 0x0d0d, 0x0202, 0x0202, 0x0202, 0x0202,
    0x0202, 0x0202, 0x0202, 0x0202, 0x0202, 0x0202, 0x0202, 0x0202, 0x0202, 0x0202, 0x0202, 0x0202,
    0x0202, 0x0202, 0x0202, 0x0202, 0x0202, 0x0202, 0x0202, 0x0202, 0x0202, 0x0202, 0x0202, 0x0202,
    0x0202, 0x0404, 0x0404, 0x0404, 0x0404, 0x0404, 0x0404, 0x0404, 0x0404, 0x0404, 0x0404, 0x0404,
    0x0404, 0x0204, 0x0402, 0x0202, 0x0202, 0x0202, 0x0202, 0x0202, 0x0202, 0x0202, 0x0202, 0x0202,
    0x0202, 0x0202, 0x0202, 0x0202, 0x0202, 0x0202, 0x0202, 0x0202, 0x0d0d, 0x020d, 0x0202, 0x0d0d,
    0x0d0d, 0x0d0d, 0x0d0d, 0x0d0d, 0x020d, 0x0202, 0x0202, 0x0202, 0x0202, 0x0202, 0x0202, 0x0202,
    0x0202, 0x010d, 0x0101, 0x0101, 0x0101, 0x0101, 0x0101, 0x0101, 0x0101, 0x010d, 0x0101, 0x0101,
    0x090d, 0x0d09, 0x000d, 0x0000, 0x0000, 0x0000, 0x0000, 0x0000, 0x0a0a, 0x0a0a, 0x0a0a, 0x0a0a,
    0x0a0a, 0x0a0a, 0x0a0a, 0x0a0a, 0x0a0a, 0x0a0a, 0x0a0a, 0x0d0d, 0x0101, 0x0d01, 0x0101, 0x0101,
    0x0101, 0x0101, 0x0101, 0x0101, 0x0101, 0x0101, 0x0101, 0x0101, 0x0d0d, 0x0d0d, 0x0202, 0x0202,
    0x0202, 0x0202, 0x0202, 0x0202, 0x0202, 0x0202, 0x0202, 0x0202, 0x0202, 0x0202, 0x0202, 0x0202,
    0x0202, 0x0202, 0x0202, 0x0202, 0x0202, 0x0202, 0x0202, 0x0202, 0x0202, 0x0202, 0x0202, 0x0202,
    0x0202, 0x0402, 0x0404, 0x0404, 0x0404, 0x0404, 0x0404, 0x0404, 0x0404, 0x0404, 0x0404, 0x0404,
    0x0404, 0x0404, 0x0202, 0x0204, 0x0202, 0x0202, 0x0202, 0x0202, 0x0202, 0x0202, 0x0202, 0x0202,
    0x0202, 0x0202, 0x0202, 0x0202, 0x0202, 0x0202, 0x0202, 0x0202, 0x0202, 0x0202, 0x0202, 0x0d02,
    0x0d0d, 0x0d0d, 0x0d0d, 0x0d0d, 0x0202, 0x0202, 0x0202, 0x0202, 0x0202, 0x0202, 0x0202, 0x0202,
    0x0d02, 0x010d, 0x0101, 0x0101, 0x0101, 0x0101, 0x0101, 0x0101, 0x0101, 0x010d, 0x0101, 0x0d01,
    0x0909, 0x0d0d, 0x000d, 0x0000, 0x0000, 0x0000, 0x0000, 0x0000, 0x0a0a, 0x0a0a, 0x0a0a, 0x0a0a,
    0x0a0a, 0x0a0a, 0x0a0a, 0x0a0a, 0x0a0a, 0x0a0a, 0x0d0a, 0x0d0d, 0x0101, 0x0d01, 0x0101, 0x0101,
    0x0101, 0x0101, 0x0101, 0x0101, 0x0101, 0x0101, 0x0101, 0x0101, 0x0101, 0x0101, 0x0d0d, 0x0d0d,
    0x0d0d, 0x020d, 0x0202, 0x0202, 0x0202, 0x0202, 0x0202, 0x0202, 0x0202, 0x0202, 0x0202, 0x0202,
    0x0202, 0x0202, 0x0202, 0x0202, 0x0202, 0x0202, 0x0202, 0x0202, 0x0202, 0x0202, 0x0202, 0x0202,
    0x0202, 0x0202, 0x0404, 0x0404, 0x0404, 0x0404, 0x0404, 0x0404, 0x0404, 0x0404, 0x0404, 0x0404,
    0x0404, 0x0404, 0x0202, 0x0204, 0x0202, 0x0202, 0x0202, 0x0202, 0x0202, 0x0202, 0x0202, 0x0202,
    0x0202, 0x0202, 0x0202, 0x0202, 0x0202, 0x0202, 0x0202, 0x0202, 0x0202, 0x0202, 0x0202, 0x0202,
    0x0202, 0x0202, 0x0202, 0x0202, 0x0202, 0x0202, 0x0202, 0x0202, 0x0202, 0x0202, 0x0202, 0x0202,
    0x0d02, 0x0101, 0x0101, 0x0101, 0x0101, 0x0101, 0x0101, 0x0101, 0x0d01, 0x0101, 0x0101, 0x0d01,
    0x0909, 0x0d0d, 0x0000, 0x0000, 0x0000, 0x0000, 0x0000, 0x0000, 0x0a0a, 0x0a0a, 0x0a0a, 0x0a0a,
    0x0a0a, 0x0a0a, 0x0a0a, 0x0a0a, 0x0a0a, 0x0a0a, 0x0d0a, 0x010d, 0x0101, 0x010d, 0x0101, 0x0101,
    0x0101, 0x0101, 0x0101, 0x0101, 0x0101, 0x0101, 0x0101, 0x0101, 0x0101, 0x0101, 0x0101, 0x0101,
    0x0101, 0x0d0d, 0x0d0d, 0x0d0d, 0x020d, 0x0202, 0x0202, 0x0202, 0x0202, 0x0202, 0x0202, 0x0202,
    0x0202, 0x0202, 0x0202, 0x0202, 0x0202, 0x0202, 0x0202, 0x0202, 0x0202, 0x0202, 0x0202, 0x0202,
    0x0202, 0x0202, 0x0404, 0x0404, 0x0404, 0x0404, 0x0404, 0x0404, 0x0404, 0x0404, 0x0404, 0x0404,
    0x0404, 0x0404, 0x0204, 0x0402, 0x0202, 0x0202, 0x0202, 0x0202, 0x0202, 0x0202, 0x0202, 0x0202,
    0x0202, 0x0202, 0x0202, 0x0202, 0x0202, 0x0202, 0x0202, 0x0202, 0x0202, 0x0202, 0x0202, 0x0202,
    0x0202, 0x0202, 0x0202, 0x0202, 0x0202, 0x0202, 0x0202, 0x0202, 0x0202, 0x0202, 0x0202, 0x0202,
    0x0d0d, 0x0101, 0x0101, 0x0101, 0x0101, 0x0101, 0x0101, 0x0101, 0x0d01, 0x0101, 0x0101, 0x090d,
    0x0909, 0x0d0d, 0x0000, 0x0000, 0x0000, 0x0000, 0x0000, 0x0a00, 0x0a0a, 0x0a0a, 0x0a0a, 0x0a0a,
    0x0a0a, 0x0a0a, 0x0a0a, 0x0a0a, 0x0a0a, 0x0a0a, 0x0d0d, 0x0101, 0x0101, 0x010d, 0x0101, 0x0101,
    0x0101, 0x0101, 0x0101, 0x0101, 0x0101, 0x0101, 0x0101, 0x0101, 0x0101, 0x0101, 0x0101, 0x0101,
    0x0101, 0x0101, 0x0101, 0x0101, 0x0d01, 0x0d0d, 0x0d0d, 0x020d, 0x0202, 0x0202, 0x0202, 0x0202,
    0x0202, 0x0202, 0x0202, 0x0202, 0x0202, 0x0202, 0x0202, 0x0202, 0x0202, 0x0202, 0x0202, 0x0202,
    0x0202, 0x0202, 0x0402, 0x0404, 0x0404, 0x0404, 0x0404, 0x0404, 0x0404, 0x0404, 0x0404, 0x0404,
    0x0404, 0x0404, 0x0204, 0x0402, 0x0202, 0x0202, 0x0202, 0x0202, 0x0202, 0x0202, 0x0202, 0x0202,
    0x0202, 0x0202, 0x0202, 0x0202, 0x0202, 0x0202, 0x0202, 0x0202, 0x0202, 0x0202, 0x0202, 0x0202,
    0x0202, 0x0202, 0x0202, 0x0202, 0x0202, 0x0202, 0x0202, 0x0202, 0x0202, 0x0202, 0x0202, 0x0202,
    0x010d, 0x0101, 0x0101, 0x0101, 0x0101, 0x0101, 0x0101, 0x0101, 0x010d, 0x0101, 0x0101, 0x090d,
    0x0d09, 0x0d0d, 0x0000, 0x0000, 0x0000, 0x0000, 0x0000, 0x0a00, 0x0a0a, 0x0a0a, 0x0a0a, 0x0a0a,
    0x0a0a, 0x0a0a, 0x0a0a, 0x0a0a, 0x0a0a, 0x0a0a, 0x0d0d, 0x0101, 0x0d01, 0x0101, 0x0101, 0x0101,
    0x0101, 0x0101, 0x0101, 0x0101, 0x0101, 0x0101, 0x0101, 0x0101, 0x0101, 0x0101, 0x0101, 0x0101,
    0x0101, 0x0101, 0x0101, 0x0101, 0x0101, 0x0101, 0x0101, 0x0d0d, 0x0d0d, 0x0d0d, 0x0d0d, 0x0202,
    0x0202, 0x0202, 0x0202, 0x0202, 0x0202, 0x0202, 0x0202, 0x0202, 0x0202, 0x0202, 0x0202, 0x0202,
    0x0202, 0x0202, 0x0402, 0x0404, 0x0404, 0x0404, 0x0404, 0x0404, 0x0404, 0x0404, 0x0404, 0x0404,
    0x0404, 0x0404, 0x0404, 0x0202, 0x0204, 0x0202, 0x0202, 0x0202, 0x0202, 0x0202, 0x0202, 0x0202,
    0x0202, 0x0202, 0x0202, 0x0202, 0x0202, 0x0202, 0x0202, 0x0202, 0x0202, 0x0202, 0x0202, 0x0202,
    0x0202, 0x0202, 0x0202, 0x0202, 0x0202, 0x0202, 0x0202, 0x0202, 0x0202, 0x0202, 0x0202, 0x0d02,
    0x010d, 0x0101, 0x0101, 0x0101, 0x0101, 0x0101, 0x0101, 0x0101, 0x010d, 0x0101, 0x0d01, 0x0909,
    0x0d09, 0x000d, 0x0000, 0x0000, 0x0000, 0x0000, 0x0000, 0x0a00, 0x0a0a, 0x0a0a, 0x0a0a, 0x0a0a,
    0x0a0a, 0x0a0a, 0x0a0a, 0x0a0a, 0x0a0a, 0x0a0a, 0x0d0d, 0x0101, 0x0d01, 0x0101, 0x0101, 0x0101,
    0x0101, 0x0101, 0x0101, 0x0101, 0x0101, 0x0101, 0x0101, 0x0101, 0x0101, 0x0101, 0x0101, 0x0101,
    0x0101, 0x0101, 0x0101, 0x0101, 0x0101, 0x0101, 0x0101, 0x0101, 0x0101, 0x0101, 0x0d01, 0x0d0d,
    0x0d0d, 0x0d0d, 0x0202, 0x0202, 0x0202, 0x0202, 0x0202, 0x0202, 0x0202, 0x0202, 0x0202, 0x0202,
    0x0202, 0x0202, 0x0202, 0x0404, 0x0404, 0x0404, 0x0404, 0x0404, 0x0404, 0x0404, 0x0404, 0x0404,
    0x0404, 0x0404, 0x0404, 0x0202, 0x0204, 0x0202, 0x0202, 0x0202, 0x0202, 0x0202, 0x0202, 0x0202,
    0x0202, 0x0202, 0x0202, 0x0202, 0x0202, 0x0202, 0x0202, 0x0202, 0x0202, 0x0202, 0x0202, 0x0202,
    0x0202, 0x0202, 0x0202, 0x0202, 0x0202, 0x0202, 0x0202, 0x0202, 0x0202, 0x0202, 0x0202, 0x0d02,
    0x0101, 0x0101, 0x0101, 0x0101, 0x0101, 0x0101, 0x0101, 0x0d01, 0x0101, 0x0101, 0x0d01, 0x0909,
    0x0d0d, 0x000d, 0x0000, 0x0000, 0x0000, 0x0000, 0x0000, 0x0a0a, 0x0a0a, 0x0a0a, 0x0a0a, 0x0a0a,
    0x0a0a, 0x0a0a, 0x0a0a, 0x0a0a, 0x0a0a, 0x0a0a, 0x0d0d, 0x0d0d, 0x0d0d, 0x0d0d, 0x0d0d, 0x0101,
    0x0101, 0x0101, 0x0101, 0x0101, 0x0101, 0x0101, 0x0101, 0x0101, 0x0101, 0x0101, 0x0101, 0x0101,
    0x0101, 0x0101, 0x0101, 0x0101, 0x0101, 0x0101, 0x0101, 0x0101, 0x0101, 0x0101, 0x0101, 0x0101,
    0x0101, 0x0d01, 0x0d0d, 0x0d0d, 0x020d, 0x0202, 0x0202, 0x0202, 0x0202, 0x0202, 0x0202, 0x0202,
    0x0202, 0x0202, 0x0202, 0x0404, 0x0404, 0x0404, 0x0404, 0x0404, 0x0404, 0x0404, 0x0404, 0x0404,
    0x0404, 0x0404, 0x0404, 0x0204, 0x0402, 0x0202, 0x0202, 0x0202, 0x0202, 0x0202, 0x0202, 0x0202,
    0x0202, 0x0202, 0x0202, 0x0202, 0x0202, 0x0202, 0x0202, 0x0202, 0x0202, 0x0202, 0x0202, 0x0202,
    0x0202, 0x0202, 0x0202, 0x0202, 0x0202, 0x0202, 0x0202, 0x0202, 0x0202, 0x0202, 0x0202, 0x0d02,
    0x0101, 0x0101, 0x0101, 0x0101, 0x0101, 0x0101, 0x0101, 0x0d01, 0x0101, 0x0101, 0x090d, 0x0909,
    0x0d0d, 0x0000, 0x0000, 0x0000, 0x0000, 0x0000, 0x0000, 0x0a0a, 0x0a0a, 0x0a0a, 0x0a0a, 0x0a0a,
    0x0a0a, 0x0a0a, 0x0a0a, 0x0a0a, 0x0a0a, 0x0a0a, 0x0d0d, 0x0d0d, 0x0d0d, 0x0d0d, 0x0d0d, 0x0d0d,
    0x0d0d, 0x0d0d, 0x0101, 0x0101, 0x0101, 0x0101, 0x0101, 0x0101, 0x0101, 0x0101, 0x0101, 0x0101,
    0x0101, 0x0101, 0x0101, 0x0101, 0x0101, 0x0101, 0x0101, 0x0101, 0x0101, 0x0101, 0x0101, 0x0101,
    0x0101, 0x0101, 0x0101, 0x0101, 0x0d01, 0x0d0d, 0x0d0d, 0x0d0d, 0x0202, 0x0202, 0x0202, 0x0202,
    0x0202, 0x0202, 0x0202, 0x0402, 0x0404, 0x0404, 0x0404, 0x0404, 0x0404, 0x0404, 0x0404, 0x0404,
    0x0404, 0x0404, 0x0404, 0x0204, 0x0202, 0x0204, 0x0202, 0x0202, 0x0202, 0x0202, 0x0202, 0x0202,
    0x0202, 0x0202, 0x0202, 0x0202, 0x0202, 0x0202, 0x0202, 0x0202, 0x0202, 0x0202, 0x0202, 0x0202,
    0x0202, 0x0202, 0x0202, 0x0202, 0x0202, 0x0202, 0x0202, 0x0202, 0x0202, 0x0202, 0x0202, 0x0d0d,
    0x0101, 0x0101, 0x0101, 0x0101, 0x0101, 0x0101, 0x0101, 0x0d01, 0x0101, 0x0101, 0x090d, 0x0d09,
    0x0d0d, 0x0000, 0x0000, 0x0000, 0x0000, 0x0000, 0x0a00, 0x0a0a, 0x0a0a, 0x0a0a, 0x0a0a, 0x0a0a,
    0x0a0a, 0x0a0a, 0x0a0a, 0x0a0a, 0x0a0a, 0x0a0a, 0x0d0a, 0x0d0d, 0x0d0d, 0x0d0d, 0x0d0d, 0x0d0d,
    0x0d0d, 0x0d0d, 0x0d0d, 0x0d0d, 0x010d, 0x0101, 0x0101, 0x0101, 0x0101, 0x0101, 0x0101, 0x0101,
    0x0101, 0x0101, 0x0101, 0x0101, 0x0101, 0x0101, 0x0101, 0x0101, 0x0101, 0x0101, 0x0101, 0x0101,
    0x0101, 0x0101, 0x0101, 0x0101, 0x0101, 0x0101, 0x0101, 0x0d01, 0x0d0d, 0x0d0d, 0x020d, 0x0202,
    0x0202, 0x0202, 0x0202, 0x0402, 0x0404, 0x0404, 0x0404, 0x0404, 0x0404, 0x0404, 0x0404, 0x0404,
    0x0404, 0x0404, 0x0404, 0x0404, 0x0202, 0x0204, 0x0202, 0x0202, 0x0202, 0x0202, 0x0202, 0x0202,
    0x0202, 0x0202, 0x0202, 0x0202, 0x0202, 0x0202, 0x0202, 0x0202, 0x0202, 0x0202, 0x0202, 0x0202,
    0x0202, 0x0202, 0x0202, 0x0202, 0x0202, 0x0202, 0x0202, 0x0202, 0x0202, 0x0202, 0x0202, 0x010d,
    0x0101, 0x0101, 0x0101, 0x0101, 0x0101, 0x0101, 0x0101, 0x010d, 0x0101, 0x0101, 0x090d, 0x0d09,
    0x000d, 0x0000, 0x0000, 0x0000, 0x0000, 0x0000, 0x0a00, 0x0a0a, 0x0a0a, 0x0a0a, 0x0a0a, 0x0a0a,
    0x0a0a, 0x0a0a, 0x0a0a, 0x0a0a, 0x0a0a, 0x0a0a, 0x0d0a, 0x0d0d, 0x0d0d, 0x0d0d, 0x0d0d, 0x0d0d,
    0x0d0d, 0x0c0d, 0x0d0d, 0x0d0d, 0x0d0d, 0x0d0d, 0x0d0d, 0x010d, 0x0101, 0x0101, 0x0101, 0x0101,
    0x0101, 0x0101, 0x0101, 0x0101, 0x0101, 0x0101, 0x0101, 0x0101, 0x0101, 0x0101, 0x0101, 0x0101,
    0x0101, 0x0101, 0x0101, 0x0101, 0x0101, 0x0101, 0x0101, 0x0101, 0x0101, 0x0101, 0x0d01, 0x0d0d,
    0x0d0d, 0x020d, 0x0202, 0x0202, 0x0404, 0x0404, 0x0404, 0x0404, 0x0404, 0x0404, 0x0404, 0x0404,
    0x0404, 0x0404, 0x0404, 0x0404, 0x0202, 0x0402, 0x0202, 0x0202, 0x0202, 0x0202, 0x0202, 0x0202,
    0x0202, 0x0202, 0x0202, 0x0202, 0x0202, 0x0202, 0x0202, 0x0202, 0x0202, 0x0202, 0x0202, 0x0202,
    0x0202, 0x0202, 0x0202, 0x0202, 0x0202, 0x0202, 0x0202, 0x0202, 0x0202, 0x0202, 0x0d02, 0x010d,
    0x0101, 0x0101, 0x0101, 0x0101, 0x0101, 0x0101, 0x0101, 0x010d, 0x0101, 0x0d01, 0x0909, 0x0d0d,
    0x000d, 0x0000, 0x0000, 0x0000, 0x0000, 0x0000, 0x0a0a, 0x0a0a, 0x0a0a, 0x0a0a, 0x0a0a, 0x0a0a,
    0x0a0a, 0x0a0a, 0x0a0a, 0x0a0a, 0x0a0a, 0x0a0a, 0x0a0a, 0x0d0d, 0x0d0d, 0x0d0d, 0x090d, 0x0d0d,
    0x0d0d, 0x0c0d, 0x0d0c, 0x0c0d, 0x0c0c, 0x0d0d, 0x0d0d, 0x0d0d, 0x0d0d, 0x0d0d, 0x010d, 0x0101,
    0x0101, 0x0101, 0x0101, 0x0101, 0x0101, 0x0101, 0x0101, 0x0101, 0x0101, 0x0101, 0x0101, 0x0101,
    0x0101, 0x0101, 0x0101, 0x0101, 0x0101, 0x0101, 0x0101, 0x0101, 0x0101, 0x0101, 0x0101, 0x0101,
    0x0101, 0x0d0d, 0x0d0d, 0x0d0d, 0x040d, 0x0404, 0x0404, 0x0404, 0x0404, 0x0404, 0x0404, 0x0404,
    0x0404, 0x0404, 0x0404, 0x0404, 0x0204, 0x0402, 0x0202, 0x0202, 0x0202, 0x0202, 0x0202, 0x0202,
    0x0202, 0x0202, 0x0202, 0x0202, 0x0202, 0x0202, 0x0202, 0x0202, 0x0202, 0x0202, 0x0202, 0x0202,
    0x0202, 0x0202, 0x0202, 0x0202, 0x0202, 0x0202, 0x0202, 0x0202, 0x0202, 0x0202, 0x0d02, 0x0101,
    0x0101, 0x0101, 0x0101, 0x0101, 0x0101, 0x0101, 0x0d01, 0x0101, 0x0101, 0x0d01, 0x0909, 0x0d0d,
    0x0000, 0x0000, 0x0000, 0x0000, 0x0000, 0x0000, 0x0a0a, 0x0a0a, 0x0a0a, 0x0a0a, 0x0a0a, 0x0a0a,
    0x0a0a, 0x0a0a, 0x0a0a, 0x0a0a, 0x0a0a, 0x0a0a, 0x0a0a, 0x0d0d, 0x0d0d, 0x0d0d, 0x090d, 0x0d0d,
    0x0d0d, 0x080d, 0x0808, 0x0808, 0x0c0c, 0x0d0c, 0x0c0c, 0x0d0d, 0x0d0d, 0x0d0d, 0x0d0d, 0x0d0d,
    0x0d0d, 0x0101, 0x0101, 0x0101, 0x0101, 0x0101, 0x0101, 0x0101, 0x0101, 0x0101, 0x0101, 0x0101,
    0x0101, 0x0101, 0x0101, 0x0101, 0x0101, 0x0101, 0x0101, 0x0101, 0x0101, 0x0101, 0x0101, 0x0101,
    0x0101, 0x0101, 0x0101, 0x0101, 0x0d0d, 0x0d0d, 0x0d0d, 0x0404, 0x0404, 0x0404, 0x0404, 0x0404,
    0x0404, 0x0404, 0x0404, 0x0404, 0x0204, 0x0202, 0x0204, 0x0202, 0x0202, 0x0202, 0x0202, 0x0202,
    0x0202, 0x0202, 0x0202, 0x0202, 0x0202, 0x0202, 0x0202, 0x0202, 0x0202, 0x0202, 0x0202, 0x0202,
    0x0202, 0x0202, 0x0202, 0x0202, 0x0202, 0x0202, 0x0202, 0x0202, 0x0202, 0x0202, 0x0d0d, 0x0101,
    0x0101, 0x0101, 0x0101, 0x0101, 0x0101, 0x0101, 0x0d01, 0x0101, 0x0101, 0x090d, 0x0909, 0x0d0d,
    0x0000, 0x0000, 0x0000, 0x0000, 0x0000, 0x0a00, 0x0a0a, 0x0a0a, 0x0a0a, 0x0a0a, 0x0a0a, 0x0a0a,
    0x0a0a, 0x0a0a, 0x0a0a, 0x0a0a, 0x0a0a, 0x0a0a, 0x0a0a, 0x0d0a, 0x0d0d, 0x0d0d, 0x0d0d, 0x0d09,
    0x0d0d, 0x0d0d, 0x0c0d, 0x0806, 0x0606, 0x0606, 0x0b08, 0x0d0d, 0x0c0c, 0x0d0d, 0x0d0c, 0x0d0d,
    0x0d0d, 0x0d0d, 0x0d0d, 0x0d0d, 0x0101, 0x0101, 0x0101, 0x0101, 0x0101, 0x0101, 0x0101, 0x0101,
    0x0101, 0x0101, 0x0101, 0x0101, 0x0101, 0x0101, 0x0101, 0x0101, 0x0101, 0x0101, 0x010d, 0x0101,
    0x0101, 0x0101, 0x0101, 0x0101, 0x0101, 0x0101, 0x0101, 0x0d0d, 0x0d0d, 0x0d0d, 0x0404, 0x0404,
    0x0404, 0x0404, 0x0404, 0x0404, 0x0404, 0x0202, 0x0204, 0x0202, 0x0202, 0x0202, 0x0202, 0x0202,
    0x0202, 0x0202, 0x0202, 0x0202, 0x0202, 0x0202, 0x0202, 0x0202, 0x0202, 0x0202, 0x0202, 0x0202,
    0x0202, 0x0202, 0x0202, 0x0202, 0x0202, 0x0202, 0x0202, 0x0202, 0x0202, 0x0202, 0x010d, 0x0101,
    0x0101, 0x0101, 0x0101, 0x0101, 0x0101, 0x0101, 0x010d, 0x0101, 0x0101, 0x090d, 0x0d09, 0x0d0d,
    0x0000, 0x0000, 0x0000, 0x0000, 0x0000, 0x0a00, 0x0a0a, 0x0a0a, 0x0a0a, 0x0a0a, 0x0a0a, 0x0a0a,
    0x0a0a, 0x0a0a, 0x0a0a, 0x0a0a, 0x0a0a, 0x0a0a, 0x0a0a, 0x0a0a, 0x0d0d, 0x0d0d, 0x0d0d, 0x0d0d,
    0x0d0d, 0x0909, 0x0d09, 0x0d0d, 0x0d0d, 0x060d, 0x0d07, 0x0d0d, 0x0606, 0x0c06, 0x0d0c, 0x0d0d,
    0x0c0d, 0x0d0c, 0x0d0d, 0x0d0d, 0x0d0d, 0x0d0d, 0x0d0d, 0x0101, 0x0101, 0x0101, 0x0101, 0x0101,
    0x0101, 0x0101, 0x0101, 0x0101, 0x0101, 0x0101, 0x0101, 0x0101, 0x0101, 0x0101, 0x0d01, 0x0d0d,
    0x0d0d, 0x010d, 0x0101, 0x0101, 0x0101, 0x0101, 0x0101, 0x0101, 0x0101, 0x0101, 0x0d0d, 0x0d0d,
    0x0d0d, 0x0404, 0x0404, 0x0404, 0x0404, 0x0202, 0x0402, 0x0202, 0x0202, 0x0202, 0x0202, 0x0202,
    0x0202, 0x0202, 0x0202, 0x0202, 0x0202, 0x0202, 0x0202, 0x0202, 0x0202, 0x0202, 0x0202, 0x0202,
    0x0202, 0x0202, 0x0202, 0x0202, 0x0202, 0x0202, 0x0202, 0x0202, 0x0202, 0x0202, 0x010d, 0x0101,
    0x0101, 0x0101, 0x0101, 0x0101, 0x0101, 0x0101, 0x010d, 0x0101, 0x0d01, 0x0909, 0x0d09, 0x000d,
    0x0000, 0x0000, 0x0000, 0x0000, 0x0000, 0x0a0a, 0x0a0a, 0x0a0a, 0x0a0a, 0x0a0a, 0x0a0a, 0x0a0a,
    0x0a0a, 0x0a0a, 0x0a0a, 0x0a0a, 0x0a0a, 0x0a0a, 0x0a0a, 0x0a0a, 0x0a0a, 0x0a0a, 0x0d0a, 0x0d0d,
    0x0d0d, 0x090d, 0x0909, 0x0909, 0x0909, 0x0d09, 0x0d0d, 0x0d0d, 0x070d, 0x0606, 0x0d06, 0x060d,
    0x0806, 0x0d0c, 0x0d0c, 0x0c0d, 0x0d0d, 0x0d0d, 0x0d0d, 0x0d0d, 0x0d0d, 0x0d0d, 0x0101, 0x0101,
    0x0101, 0x0101, 0x0101, 0x0101, 0x0101, 0x0101, 0x0101, 0x0101, 0x0101, 0x0101, 0x0101, 0x0d01,
    0x0d0d, 0x0d0d, 0x0d0d, 0x0d0d, 0x010d, 0x0101, 0x0101, 0x0101, 0x0101, 0x0101, 0x0101, 0x0101,
    0x0101, 0x0d0d, 0x0d0d, 0x0d0d, 0x0404, 0x0204, 0x0402, 0x0202, 0x0202, 0x0202, 0x0202, 0x0202,
    0x0202, 0x0202, 0x0202, 0x0202, 0x0202, 0x0202, 0x0202, 0x0202, 0x0202, 0x0202, 0x0202, 0x0202,
    0x0202, 0x0202, 0x0202, 0x0202, 0x0202, 0x0202, 0x0202, 0x0202, 0x0202, 0x0d02, 0x0101, 0x0101,
    0x0101, 0x0101, 0x0101, 0x0101, 0x0101, 0x0d01, 0x0101, 0x0101, 0x0d01, 0x0909, 0x0d0d, 0x000d,
    0x0000, 0x0000, 0x0000, 0x0000, 0x0a00, 0x0a0a, 0x0a0a, 0x0a0a, 0x0a0a, 0x0a0a, 0x0a0a, 0x0a0a,
    0x0a0a, 0x0a0a, 0x0a0a, 0x0a0a, 0x0a0a, 0x0a0a, 0x0a0a, 0x0a0a, 0x0a0a, 0x0a0a, 0x0a0a, 0x0d0d,
    0x0d0d, 0x0d0d, 0x0d0d, 0x090d, 0x0909, 0x0909, 0x0909, 0x0909, 0x0d0d, 0x0d0d, 0x0d0d, 0x060d,
    0x0606, 0x0606, 0x0d08, 0x0c0d, 0x0c0c, 0x0c0c, 0x0d0c, 0x0d0d, 0x0d0d, 0x0d0d, 0x0d0d, 0x0d0d,
    0x010d, 0x0101, 0x0101, 0x0101, 0x0101, 0x0101, 0x0101, 0x0101, 0x0101, 0x0101, 0x0101, 0x0101,
    0x0d01, 0x0d0d, 0x0d0d, 0x0d0d, 0x0d0d, 0x0d0d, 0x0d0d, 0x0101, 0x0101, 0x0101, 0x0101, 0x0101,
    0x0101, 0x0101, 0x0101, 0x0101, 0x0d0d, 0x0d0d, 0x0d0d, 0x0204, 0x0202, 0x0202, 0x0202, 0x0202,
    0x0202, 0x0202, 0x0202, 0x0202, 0x0202, 0x0202, 0x0202, 0x0202, 0x0202, 0x0202, 0x0202, 0x0202,
    0x0202, 0x0202, 0x0202, 0x0202, 0x0202, 0x0202, 0x0202, 0x0202, 0x0202, 0x0d02, 0x0101, 0x0101,
    0x0101, 0x0101, 0x0101, 0x0101, 0x0101, 0x0d01, 0x0101, 0x0101, 0x090d, 0x0909, 0x0d0d, 0x0000,
    0x0000, 0x0000, 0x0000, 0x0000, 0x0a00, 0x0a0a, 0x0a0a, 0x0a0a, 0x0a0a, 0x0a0a, 0x0a0a, 0x0a0a,
    0x0a0a, 0x0a0a, 0x0a0a, 0x0a0a, 0x0a0a, 0x0a0a, 0x0a0a, 0x0a0a, 0x0a0a, 0x0a0a, 0x0a0a, 0x0a0a,
    0x0a0a, 0x0d0a, 0x0d0d, 0x0d0d, 0x0d0d, 0x0d0d, 0x090d, 0x0909, 0x0909, 0x0909, 0x0909, 0x0d09,
    0x0d0d, 0x0d0d, 0x0c0d, 0x060c, 0x0606, 0x0807, 0x0d0c, 0x0c0d, 0x0c0c, 0x0d0c, 0x0d0d, 0x0d0d,
    0x0d0d, 0x0d0d, 0x0d0d, 0x0d0d, 0x0101, 0x0101, 0x0101, 0x0101, 0x0101, 0x0101, 0x0101, 0x0101,
    0x0101, 0x0d01, 0x0d0d, 0x0d0d, 0x0d0d, 0x0d0d, 0x0d0d, 0x0d0d, 0x0d0d, 0x0101, 0x0101, 0x0101,
    0x0101, 0x0101, 0x0101, 0x0101, 0x0101, 0x0101, 0x0101, 0x0d0d, 0x0d0d, 0x0d0d, 0x0202, 0x0202,
    0x0202, 0x0202, 0x0202, 0x0202, 0x0202, 0x0202, 0x0202, 0x0202, 0x0202, 0x0202, 0x0202, 0x0202,
    0x0202, 0x0202, 0x0202, 0x0202, 0x0202, 0x0202, 0x0202, 0x0202, 0x0202, 0x0d0d, 0x0101, 0x0101,
    0x0101, 0x0101, 0x0101, 0x0101, 0x0101, 0x0d01, 0x0101, 0x0101, 0x090d, 0x0d09, 0x0d0d, 0x0000,
    0x0000, 0x0000, 0x0000, 0x0000, 0x0a0a, 0x0a0a, 0x0a0a, 0x0a0a, 0x0a0a, 0x0a0a, 0x0a0a, 0x0a0a,
    0x0a0a, 0x0a0a, 0x0a0a, 0x0a0a, 0x0a0a, 0x0a0a, 0x0a0a, 0x0a0a, 0x0a0a, 0x0a0a, 0x0a0a, 0x0a0a,
    0x0a0a, 0x0a0a, 0x0a0a, 0x0a0a, 0x0d0d, 0x0d0d, 0x0d0d, 0x0d0d, 0x0d0d, 0x090d, 0x0909, 0x0909,
    0x0909, 0x0909, 0x0d0d, 0x0d0d, 0x0d0d, 0x0808, 0x0d0d, 0x0606, 0x0606, 0x0c0b, 0x0d0d, 0x0c0d,
    0x0c0c, 0x0d0d, 0x0d0d, 0x0d0d, 0x0d0d, 0x0d0d, 0x010d, 0x0101, 0x0101, 0x0101, 0x0101, 0x0101,
    0x0101, 0x0101, 0x0d0d, 0x0d0d, 0x0d0d, 0x010d, 0x0101, 0x0101, 0x0101, 0x0101, 0x0101, 0x0101,
    0x0101, 0x0101, 0x0101, 0x0101, 0x0101, 0x0101, 0x0101, 0x0101, 0x0101, 0x0d01, 0x0d0d, 0x0d0d,
    0x0d0d, 0x0202, 0x0202, 0x0202, 0x0202, 0x0202, 0x0202, 0x0202, 0x0202, 0x0202, 0x0202, 0x0202,
    0x0202, 0x0202, 0x0202, 0x0202, 0x0202, 0x0202, 0x0202, 0x0202, 0x0202, 0x010d, 0x0101, 0x0101,
    0x0101, 0x0101, 0x0101, 0x0101, 0x0101, 0x010d, 0x0101, 0x0101, 0x090d, 0x0d09, 0x000d, 0x0000,
    0x0000, 0x0000, 0x0000, 0x0a00, 0x0a0a, 0x0a0a, 0x0a0a, 0x0a0a, 0x0a0a, 0x0a0a, 0x0a0a, 0x0a0a,
    0x0a0a, 0x0a0a, 0x0a0a, 0x0a0a, 0x0a0a, 0x0a0a, 0x0a0a, 0x0a0a, 0x0a0a, 0x0a0a, 0x0a0a, 0x0a0a,
    0x0a0a, 0x0a0a, 0x0a0a, 0x0a0a, 0x0a0a, 0x0a0a, 0x0a0a, 0x0d0a, 0x0d0d, 0x0d0d, 0x0d0d, 0x0d0d,
    0x090d, 0x0909, 0x0909, 0x0909, 0x0909, 0x0d0d, 0x0d0d, 0x0d0d, 0x060c, 0x0806, 0x0d0d, 0x0606,
    0x0d08, 0x0c0c, 0x0d0d, 0x0c0d, 0x0d0d, 0x0d0d, 0x0d0d, 0x0d0d, 0x0d0d, 0x010d, 0x0101, 0x0101,
    0x0101, 0x0101, 0x0101, 0x0101, 0x0101, 0x0101, 0x0101, 0x0101, 0x0101, 0x0101, 0x0101, 0x0101,
    0x0101, 0x0101, 0x0101, 0x0101, 0x0101, 0x0101, 0x0101, 0x0101, 0x0101, 0x0101, 0x0101, 0x0101,
    0x0101, 0x0d0d, 0x0d0d, 0x0d0d, 0x0202, 0x0202, 0x0202, 0x0202, 0x0202, 0x0202, 0x0202, 0x0202,
    0x0202, 0x0202, 0x0202, 0x0202, 0x0202, 0x0202, 0x0202, 0x0202, 0x0d02, 0x010d, 0x0101, 0x0101,
    0x0101, 0x0101, 0x0101, 0x0101, 0x0101, 0x010d, 0x0101, 0x0d01, 0x0909, 0x0d0d, 0x000d, 0x0000,
    0x0000, 0x0000, 0x0000, 0x0a00, 0x0a0a, 0x0a0a, 0x0a0a, 0x0a0a, 0x0a0a, 0x0a0a, 0x0a0a, 0x0a0a,
    0x0a0a, 0x0a0a, 0x0a0a, 0x0a0a, 0x0a0a, 0x0a0a, 0x0a0a, 0x0a0a, 0x0a0a, 0x0a0a, 0x0a0a, 0x0a0a,
    0x0a0a, 0x0a0a, 0x0a0a, 0x0a0a, 0x0a0a, 0x0a0a, 0x0a0a, 0x0a0a, 0x0a0a, 0x0a0a, 0x0d0d, 0x0d0d,
    0x0d0d, 0x0d0d, 0x0d0d, 0x090d, 0x0909, 0x0909, 0x0909, 0x0909, 0x0d0d, 0x0d0d, 0x0d0d, 0x0805,
    0x0607, 0x0606, 0x0d0d, 0x0c0c, 0x0d0c, 0x0c0d, 0x0d0d, 0x0d0d, 0x0d0d, 0x0d0d, 0x0d0d, 0x0d0d,
    0x010d, 0x0101, 0x0101, 0x0101, 0x0101, 0x0101, 0x0101, 0x0101, 0x0101, 0x0101, 0x0101, 0x0101,
    0x0101, 0x0101, 0x0101, 0x0101, 0x0101, 0x0101, 0x0101, 0x0101, 0x0101, 0x0101, 0x0101, 0x0101,
    0x0101, 0x0101, 0x0101, 0x0d01, 0x0d0d, 0x0d0d, 0x020d, 0x0202, 0x0202, 0x0202, 0x0202, 0x0202,
    0x0202, 0x0202, 0x0202, 0x0202, 0x0202, 0x0202, 0x0202, 0x0202, 0x0d02, 0x0101, 0x0101, 0x0101,
    0x0101, 0x0101, 0x0101, 0x0101, 0x0d01, 0x0101, 0x0101, 0x0d01, 0x0909, 0x0d0d, 0x0000, 0x0000,
    0x0000, 0x0000, 0x0000, 0x0a0a, 0x0a0a, 0x0a0a, 0x0a0a, 0x0a0a, 0x0a0a, 0x0a0a, 0x0a0a, 0x0a0a,
    0x0a0a, 0x0a0a, 0x0a0a, 0x0a0a, 0x0a0a, 0x0a0a, 0x0a0a, 0x0a0a, 0x0a0a, 0x0a0a, 0x0a0a, 0x0a0a,
    0x0a0a, 0x0a0a, 0x0a0a, 0x0a0a, 0x0a0a, 0x0a0a, 0x0a0a, 0x0a0a, 0x0a0a, 0x0a0a, 0x0a0a, 0x0a0a,
    0x0a0a, 0x0d0d, 0x0d0d, 0x0d0d, 0x0d0d, 0x0d0d, 0x090d, 0x0909, 0x0909, 0x0909, 0x0909, 0x0d0d,
    0x0d0d, 0x0d0d, 0x0d0d, 0x0606, 0x0607, 0x0c06, 0x0d0d, 0x0c0d, 0x0c0c, 0x0c0c, 0x0d0d, 0x0d0d,
    0x0d0d, 0x0d0d, 0x0d0d, 0x010d, 0x0101, 0x0101, 0x0101, 0x0101, 0x0101, 0x0101, 0x0101, 0x0101,
    0x0101, 0x0101, 0x0101, 0x0101, 0x0101, 0x0101, 0x0101, 0x0101, 0x0101, 0x0101, 0x0101, 0x0101,
    0x0101, 0x0101, 0x0101, 0x0101, 0x0101, 0x0101, 0x0d01, 0x0d0d, 0x0d0d, 0x020d, 0x0202, 0x0202,
    0x0202, 0x0202, 0x0202, 0x0202, 0x0202, 0x0202, 0x0202, 0x0202, 0x0d0d, 0x0101, 0x0101, 0x0101,
    0x0101, 0x0101, 0x0101, 0x0101, 0x0d01, 0x0101, 0x0101, 0x090d, 0x0909, 0x0d0d, 0x0000, 0x0000,
    0x0000, 0x0000, 0x0a00, 0x0a0a, 0x0a0a, 0x0a0a, 0x0a0a, 0x0a0a, 0x0a0a, 0x0a0a, 0x0a0a, 0x0a0a,
    0x0a0a, 0x0a0a, 0x0a0a, 0x0a0a, 0x0a0a, 0x0a0a, 0x0a0a, 0x0a0a, 0x0a0a, 0x0a0a, 0x0a0a, 0x0a0a,
    0x0a0a, 0x0a0a, 0x0a0a, 0x0a0a, 0x0a0a, 0x0a0a, 0x0a0a, 0x0a0a, 0x0a0a, 0x0a0a, 0x0a0a, 0x0a0a,
    0x0a0a, 0x0a0a, 0x0a0a, 0x0a0a, 0x0d0d, 0x0d0d, 0x0d0d, 0x0d0d, 0x0d0d, 0x0909, 0x0909, 0x0909,
    0x0909, 0x0d09, 0x0d0d, 0x0d0d, 0x090d, 0x0d05, 0x0b0d, 0x0608, 0x0806, 0x0d0d, 0x0d0d, 0x0c0c,
    0x0d0c, 0x0d0d, 0x0d0d, 0x0d0d, 0x0d0d, 0x0d0d, 0x0101, 0x0101, 0x0101, 0x0101, 0x0101, 0x0101,
    0x0101, 0x0101, 0x0101, 0x0101, 0x0101, 0x0101, 0x0101, 0x0101, 0x0101, 0x0101, 0x0101, 0x0101,
    0x0101, 0x0101, 0x0101, 0x0101, 0x0101, 0x0101, 0x0101, 0x0101, 0x0101, 0x0d01, 0x0d0d, 0x0d0d,
    0x020d, 0x0202, 0x0202, 0x0202, 0x0202, 0x0202, 0x0202, 0x0202, 0x010d, 0x0101, 0x0101, 0x0101,
    0x0101, 0x0101, 0x0101, 0x0101, 0x010d, 0x0101, 0x0101, 0x090d, 0x0d09, 0x000d, 0x0000, 0x0000,
    0x0000, 0x0000, 0x0a0a, 0x0a0a, 0x0a0a, 0x0a0a, 0x0a0a, 0x0a0a, 0x0a0a, 0x0a0a, 0x0a0a, 0x0a0a,
    0x0a0a, 0x0a0a, 0x0a0a, 0x0a0a, 0x0a0a, 0x0a0a, 0x0a0a, 0x0a0a, 0x0a0a, 0x0a0a, 0x0a0a, 0x0a0a,
    0x0a0a, 0x0a0a, 0x0a0a, 0x0a0a, 0x0a0a, 0x0a0a, 0x0a0a, 0x0a0a, 0x0a0a, 0x0a0a, 0x0a0a, 0x0a0a,
    0x0a0a, 0x0a0a, 0x0a0a, 0x0a0a, 0x0a0a, 0x0a0a, 0x0a0a, 0x0d0d, 0x0d0d, 0x0d0d, 0x0d0d, 0x0d0d,
    0x090d, 0x0909, 0x0909, 0x0909, 0x0909, 0x0d0d, 0x0d0d, 0x0c0d, 0x0806, 0x0d08, 0x080d, 0x0806,
    0x0c0c, 0x0d0c, 0x0c0d, 0x0d0c, 0x0d0d, 0x0d0d, 0x0d0d, 0x0d0d, 0x0d0d, 0x0101, 0x0101, 0x0101,
    0x0101, 0x0101, 0x0101, 0x0101, 0x0101, 0x0101, 0x0101, 0x0101, 0x0101, 0x0101, 0x0101, 0x0101,
    0x0101, 0x0101, 0x0101, 0x0101, 0x0101, 0x0101, 0x0101, 0x0101, 0x0101, 0x0101, 0x0101, 0x0101,
    0x0d01, 0x0d0d, 0x0d0d, 0x020d, 0x0202, 0x0202, 0x0202, 0x0d0d, 0x0101, 0x0101, 0x0101, 0x0101,
    0x0101, 0x0101, 0x0101, 0x0101, 0x010d, 0x0101, 0x0d01, 0x0909, 0x0d09, 0x000d, 0x0000, 0x0000,
    0x0000, 0x0a00, 0x0a0a, 0x0a0a, 0x0a0a, 0x0a0a, 0x0a0a, 0x0a0a, 0x0a0a, 0x0a0a, 0x0a0a, 0x0a0a,
    0x0a0a, 0x0a0a, 0x0a0a, 0x0a0a, 0x0a0a, 0x0a0a, 0x0a0a, 0x0a0a, 0x0a0a, 0x0a0a, 0x0a0a, 0x0a0a,
    0x0a0a, 0x0a0a, 0x0a0a, 0x0a0a, 0x0a0a, 0x0a0a, 0x0a0a, 0x0a0a, 0x0a0a, 0x0a0a, 0x0a0a, 0x0a0a,
    0x0a0a, 0x0a0a, 0x0a0a, 0x0a0a, 0x0a0a, 0x0a0a, 0x0a0a, 0x0a0a, 0x0a0a, 0x0d0a, 0x0d0d, 0x0d0d,
    0x0d0d, 0x0d0d, 0x0d0d, 0x0909, 0x0909, 0x0909, 0x0909, 0x0d09, 0x0d0d, 0x0d0d, 0x080d, 0x0606,
    0x0808, 0x0d07, 0x0c0d, 0x0d0d, 0x0c0c, 0x0d0c, 0x0d0d, 0x0d0d, 0x0d0d, 0x0d0d, 0x0d0d, 0x0d0d,
    0x0101, 0x0101, 0x0101, 0x0101, 0x0101, 0x0101, 0x0101, 0x0101, 0x0101, 0x0101, 0x0101, 0x0101,
    0x0101, 0x0101, 0x0101, 0x0101, 0x0101, 0x0101, 0x0101, 0x0101, 0x0101, 0x0101, 0x0101, 0x0101,
    0x0101, 0x0101, 0x0101, 0x0d0d, 0x0d0d, 0x0d0d, 0x0d0d, 0x010d, 0x0101, 0x0101, 0x0101, 0x0101,
    0x0101, 0x0101, 0x0101, 0x0d01, 0x0101, 0x0101, 0x0d01, 0x0909, 0x0d0d, 0x000d, 0x0000, 0x0000,
    0x0000, 0x0a0a, 0x0a0a, 0x0a0a, 0x0a0a, 0x0a0a, 0x0a0a, 0x0a0a, 0x0a0a, 0x0a0a, 0x0a0a, 0x0a0a,
    0x0a0a, 0x0a0a, 0x0a0a, 0x0a0a, 0x0a0a, 0x0a0a, 0x0a0a, 0x0a0a, 0x0a0a, 0x0a0a, 0x0a0a, 0x0a0a,
    0x0a0a, 0x0a0a, 0x0a0a, 0x0a0a, 0x0a0a, 0x0a0a, 0x0a0a, 0x0a0a, 0x0a0a, 0x0a0a, 0x0a0a, 0x0a0a,
    0x0a0a, 0x0a0a, 0x0a0a, 0x0a0a, 0x0a0a, 0x0a0a, 0x0a0a, 0x0a0a, 0x0a0a, 0x0a0a, 0x0a0a, 0x0a0a,
    0x0d0a, 0x0d0d, 0x0d0d, 0x0d0d, 0x0d0d, 0x090d, 0x0909, 0x0909, 0x0909, 0x0909, 0x0d0d, 0x0d0d,
    0x0d0d, 0x0d08, 0x060d, 0x0706, 0x0606, 0x0d08, 0x0c0d, 0x0d0d, 0x0c0c, 0x0d0d, 0x0d0d, 0x0d0d,
    0x0d0d, 0x0d0d, 0x010d, 0x0101, 0x0101, 0x0101, 0x0101, 0x0101, 0x0101, 0x0101, 0x0101, 0x0101,
    0x0101, 0x0101, 0x0101, 0x0101, 0x0101, 0x0101, 0x0101, 0x0101, 0x0101, 0x0101, 0x0101, 0x0101,
    0x0101, 0x0101, 0x0101, 0x0101, 0x0101, 0x0101, 0x0101, 0x0101, 0x0101, 0x0101, 0x0101, 0x0101,
    0x0101, 0x0101, 0x0101, 0x0d01, 0x0101, 0x0101, 0x090d, 0x0909, 0x0d0d, 0x0000, 0x0000, 0x0000,
    0x0a00, 0x0a0a, 0x0a0a, 0x0a0a, 0x0a0a, 0x0a0a, 0x0a0a, 0x0a0a, 0x0a0a, 0x0a0a, 0x0a0a, 0x0a0a,
    0x0a0a, 0x0a0a, 0x0a0a, 0x0a0a, 0x0a0a, 0x0a0a, 0x0a0a, 0x0a0a, 0x0a0a, 0x0a0a, 0x0a0a, 0x0a0a,
    0x0a0a, 0x0a0a, 0x0a0a, 0x0a0a, 0x0a0a, 0x0a0a, 0x0a0a, 0x0a0a, 0x0a0a, 0x0a0a, 0x0a0a, 0x0a0a,
    0x0a0a, 0x0a0a, 0x0a0a, 0x0a0a, 0x0a0a, 0x0a0a, 0x0a0a, 0x0a0a, 0x0a0a, 0x0a0a, 0x0a0a, 0x0a0a,
    0x0a0a, 0x0a0a, 0x0a0a, 0x0d0a, 0x0d0d, 0x0d0d, 0x0d0d, 0x0d0d, 0x0d0d, 0x0909, 0x0909, 0x0909,
    0x0909, 0x0d0d, 0x0d0d, 0x0d0d, 0x060c, 0x0d06, 0x080d, 0x0608, 0x0d07, 0x0d0d, 0x0c0d, 0x0c0d,
    0x0d0d, 0x0d0d, 0x0d0d, 0x0d0d, 0x0d0d, 0x010d, 0x0101, 0x0101, 0x0101, 0x0101, 0x0101, 0x0101,
    0x0101, 0x0101, 0x0101, 0x0101, 0x0101, 0x0101, 0x0101, 0x0101, 0x0101, 0x0101, 0x0101, 0x0101,
    0x0101, 0x0101, 0x0101, 0x0101, 0x0101, 0x0101, 0x0101, 0x0101, 0x0101, 0x0101, 0x0101, 0x0101,
    0x0101, 0x0101, 0x0101, 0x010d, 0x0101, 0x0101, 0x090d, 0x0d09, 0x0d0d, 0x0000, 0x0000, 0x0000,
    0x0a0a, 0x0a0a, 0x0a0a, 0x0a0a, 0x0a0a, 0x0a0a, 0x0a0a, 0x0a0a, 0x0a0a, 0x0a0a, 0x0a0a, 0x0a0a,
    0x0a0a, 0x0a0a, 0x0a0a, 0x0a0a, 0x0a0a, 0x0a0a, 0x0a0a, 0x0a0a, 0x0a0a, 0x0a0a, 0x0a0a, 0x0a0a,
    0x0a0a, 0x0a0a, 0x0a0a, 0x0a0a, 0x0a0a, 0x0a0a, 0x0a0a, 0x0a0a, 0x0a0a, 0x0a0a, 0x0a0a, 0x0a0a,
    0x0a0a, 0x0a0a, 0x0a0a, 0x0a0a, 0x0a0a, 0x0a0a, 0x0a0a, 0x0a0a, 0x0a0a, 0x0a0a, 0x0a0a, 0x0a0a,
    0x0a0a, 0x0a0a, 0x0a0a, 0x0a0a, 0x0a0a, 0x0a0a, 0x0d0d, 0x0d0d, 0x0d0d, 0x0d0d, 0x0d0d, 0x090d,
    0x0909, 0x0909, 0x0909, 0x0909, 0x0d0d, 0x0d0d, 0x0d0d, 0x0606, 0x0706, 0x0d08, 0x060d, 0x0c0c,
    0x0d0d, 0x0d0c, 0x0d0d, 0x0d0d, 0x0d0d, 0x0d0d, 0x0d0d, 0x0d0d, 0x0101, 0x0101, 0x0101, 0x0101,
    0x0101, 0x0101, 0x0101, 0x0101, 0x0101, 0x0101, 0x0101, 0x0101, 0x0101, 0x0101, 0x0101, 0x0101,
    0x0101, 0x0101, 0x0101, 0x0101, 0x0101, 0x0101, 0x0101, 0x0101, 0x0101, 0x0101, 0x0101, 0x0101,
    0x0101, 0x0101, 0x0101, 0x010d, 0x0101, 0x0101, 0x090d, 0x0d09, 0x000d, 0x0000, 0x0000, 0x0a00,
    0x0a0a, 0x0a0a, 0x0a0a, 0x0a0a, 0x0a0a, 0x0a0a, 0x0a0a, 0x0a0a, 0x0a0a, 0x0a0a, 0x0a0a, 0x0a0a,
    0x0a0a, 0x0a0a, 0x0a0a, 0x0a0a, 0x0a0a, 0x0a0a, 0x0a0a, 0x0a0a, 0x0a0a, 0x0a0a, 0x0a0a, 0x0a0a,
    0x0a0a, 0x0a0a, 0x0a0a, 0x0a0a, 0x0a0a, 0x0a0a, 0x0a0a, 0x0a0a, 0x0a0a, 0x0a0a, 0x0a0a, 0x0a0a,
    0x0a0a, 0x0a0a, 0x0a0a, 0x0a0a, 0x0a0a, 0x0a0a, 0x0a0a, 0x0a0a, 0x0a0a, 0x0a0a, 0x0a0a, 0x0a0a,
    0x0a0a, 0x0a0a, 0x0a0a, 0x0a0a, 0x0a0a, 0x0a0a, 0x0a0a, 0x0a0a, 0x0a0a, 0x0d0a, 0x0d0d, 0x0d0d,
    0x0d0d, 0x0d0d, 0x090d, 0x0909, 0x0909, 0x0909, 0x0909, 0x0d0d, 0x0d0d, 0x0d0d, 0x080c, 0x0606,
    0x0808, 0x0d06, 0x0c0d, 0x0c0c, 0x0d0d, 0x0d0c, 0x0d0d, 0x0d0d, 0x0d0d, 0x0d0d, 0x0d0d, 0x0101,
    0x0101, 0x0101, 0x0101, 0x0101, 0x0101, 0x0101, 0x0101, 0x0101, 0x0101, 0x0101, 0x0101, 0x0101,
    0x0101, 0x0101, 0x0101, 0x0101, 0x0101, 0x0101, 0x0101, 0x0101, 0x0101, 0x0101, 0x0101, 0x0101,
    0x0101, 0x0101, 0x0101, 0x010d, 0x0101, 0x0d01, 0x0909, 0x0d0d, 0x000d, 0x0000, 0x0000, 0x0a0a,
    0x0a0a, 0x0a0a, 0x0a0a, 0x0a0a, 0x0a0a, 0x0a0a, 0x0a0a, 0x0a0a, 0x0a0a, 0x0a0a, 0x0a0a, 0x0a0a,
    0x0a0a, 0x0a0a, 0x0a0a, 0x0a0a, 0x0a0a, 0x0a0a, 0x0a0a, 0x0a0a, 0x0a0a, 0x0a0a, 0x0a0a, 0x0a0a,
    0x0a0a, 0x0a0a, 0x0a0a, 0x0a0a, 0x0a0a, 0x0a0a, 0x0a0a, 0x0a0a, 0x0a0a, 0x0a0a, 0x0a0a, 0x0a0a,
    0x0a0a, 0x0a0a, 0x0a0a, 0x0a0a, 0x0a0a, 0x0a0a, 0x0a0a, 0x0a0a, 0x0a0a, 0x0a0a, 0x0a0a, 0x0a0a,
    0x0a0a, 0x0a0a, 0x0a0a, 0x0a0a, 0x0a0a, 0x0a0a, 0x0a0a, 0x0a0a, 0x0a0a, 0x0a0a, 0x0a0a, 0x0a0a,
    0x0d0d, 0x0d0d, 0x0d0d, 0x0d0d, 0x0d0d, 0x0909, 0x0909, 0x0909, 0x0909, 0x0d09, 0x0d0d, 0x0d0d,
    0x080d, 0x0d0d, 0x060d, 0x0706, 0x0c06, 0x0d0c, 0x0d0d, 0x0c0d, 0x0d0c, 0x0d0d, 0x0d0d, 0x0d0d,
    0x0d0d, 0x0d0d, 0x0101, 0x0101, 0x0101, 0x0101, 0x0101, 0x0101, 0x0101, 0x0101, 0x0101, 0x0101,
    0x0101, 0x0101, 0x0101, 0x0101, 0x0101, 0x0101, 0x0101, 0x0101, 0x0101, 0x0101, 0x0101, 0x0101,
    0x0101, 0x0101, 0x0d01, 0x0101, 0x0101, 0x0d01, 0x0909, 0x0d0d, 0x0000, 0x0000, 0x0a00, 0x0a0a,
    0x0a0a, 0x0a0a, 0x0a0a, 0x0a0a, 0x0a0a, 0x0a0a, 0x0a0a, 0x0a0a, 0x0a0a, 0x0a0a, 0x0a0a, 0x0a0a,
    0x0a0a, 0x0a0a, 0x0a0a, 0x0a0a, 0x0a0a, 0x0a0a, 0x0a0a, 0x0a0a, 0x0a0a, 0x0a0a, 0x0a0a, 0x0a0a,
    0x0a0a, 0x0a0a, 0x0a0a, 0x0a0a, 0x0a0a, 0x0a0a, 0x0a0a, 0x0a0a, 0x0a0a, 0x0a0a, 0x0a0a, 0x0a0a,
    0x0a0a, 0x0a0a, 0x0a0a, 0x0a0a, 0x0a0a, 0x0a0a, 0x0a0a, 0x0a0a, 0x0a0a, 0x0a0a, 0x0a0a, 0x0a0a,
    0x0a0a, 0x0a0a, 0x0a0a, 0x0a0a, 0x0a0a, 0x0a0a, 0x0a0a, 0x0a0a, 0x0a0a, 0x0a0a, 0x0a0a, 0x0a0a,
    0x0a0a, 0x0a0a, 0x0a0a, 0x0d0d, 0x0d0d, 0x0d0d, 0x0d0d, 0x0d0d, 0x0909, 0x0909, 0x0909, 0x0909,
    0x0d09, 0x0d0d, 0x0d0d, 0x080d, 0x0606, 0x0d0c, 0x080d, 0x0b06, 0x0d0d, 0x0d0c, 0x0d0d, 0x0d0c,
    0x0d0d, 0x0d0d, 0x0d0d, 0x0d0d, 0x0d0d, 0x0101, 0x0101, 0x0101, 0x0101, 0x0101, 0x0101, 0x0101,
    0x0101, 0x0101, 0x0101, 0x0101, 0x0101, 0x0101, 0x0101, 0x0101, 0x0101, 0x0101, 0x0101, 0x0101,
    0x0101, 0x0101, 0x0d01, 0x0101, 0x0101, 0x090d, 0x0909, 0x0d0d, 0x0000, 0x0000, 0x0a0a, 0x0a0a,
    0x0a0a, 0x0a0a, 0x0a0a, 0x0a0a, 0x0a0a, 0x0a0a, 0x0a0a, 0x0a0a, 0x0a0a, 0x0a0a, 0x0a0a, 0x0a0a,
    0x0a0a, 0x0a0a, 0x0a0a, 0x0a0a, 0x0a0a, 0x0a0a, 0x0a0a, 0x0a0a, 0x0a0a, 0x0a0a, 0x0a0a, 0x0a0a,
    0x0a0a, 0x0a0a, 0x0a0a, 0x0a0a, 0x0a0a, 0x0a0a, 0x0a0a, 0x0a0a, 0x0a0a, 0x0a0a, 0x0a0a, 0x0a0a,
    0x0a0a, 0x0a0a, 0x0a0a, 0x0a0a, 0x0a0a, 0x0a0a, 0x0a0a, 0x0a0a, 0x0a0a, 0x0a0a, 0x0a0a, 0x0a0a,
    0x0a0a, 0x0a0a, 0x0a0a, 0x0a0a, 0x0a0a, 0x0a0a, 0x0a0a, 0x0a0a, 0x0a0a, 0x0a0a, 0x0a0a, 0x0a0a,
    0x0a0a, 0x0a0a, 0x0a0a, 0x0a0a, 0x0a0a, 0x0d0a, 0x0d0d, 0x0d0d, 0x0d0d, 0x0d0d, 0x0d0d, 0x0909,
    0x0909, 0x0909, 0x0909, 0x0d09, 0x0d0d, 0x0d0d, 0x060d, 0x0608, 0x0806, 0x0d0c, 0x0d0d, 0x0c0c,
    0x0c0c, 0x0d0d, 0x0d0d, 0x0d0d, 0x0d0d, 0x0d0d, 0x0d0d, 0x010d, 0x0101, 0x0101, 0x0101, 0x0101,
    0x0101, 0x0101, 0x0101, 0x0101, 0x0101, 0x0101, 0x0101, 0x0101, 0x0101, 0x0101, 0x0101, 0x0101,
    0x0101, 0x0101, 0x010d, 0x0101, 0x0101, 0x090d, 0x0d09, 0x0d0d, 0x0000, 0x0a00, 0x0a0a, 0x0a0a,
    0x0a0a, 0x0a0a, 0x0a0a, 0x0a0a, 0x0a0a, 0x0a0a, 0x0a0a, 0x0a0a, 0x0a0a, 0x0a0a, 0x0a0a, 0x0a0a,
    0x0a0a, 0x0a0a, 0x0a0a, 0x0a0a, 0x0a0a, 0x0a0a, 0x0a0a, 0x0a0a, 0x0a0a, 0x0a0a, 0x0a0a, 0x0a0a,
    0x0a0a, 0x0a0a, 0x0a0a, 0x0a0a, 0x0a0a, 0x0a0a, 0x0a0a, 0x0a0a, 0x0a0a, 0x0a0a, 0x0a0a, 0x0a0a,
    0x0a0a, 0x0a0a, 0x0a0a, 0x0a0a, 0x0a0a, 0x0a0a, 0x0a0a, 0x0a0a, 0x0a0a, 0x0a0a, 0x0a0a, 0x0a0a,
    0x0a0a, 0x0a0a, 0x0a0a, 0x0a0a, 0x0a0a, 0x0a0a, 0x0a0a, 0x0a0a, 0x0a0a, 0x0a0a, 0x0a0a, 0x0a0a,
    0x0a0a, 0x0a0a, 0x0a0a, 0x0a0a, 0x0a0a, 0x0a0a, 0x0a0a, 0x0a0a, 0x0d0a, 0x0d0d, 0x0d0d, 0x0d0d,
    0x0d0d, 0x0d0d, 0x0909, 0x0909, 0x0909, 0x0909, 0x0d09, 0x0d0d, 0x0d0d, 0x0c0d, 0x060c, 0x0806,
    0x0608, 0x0d08, 0x0c0d, 0x0d0c, 0x0c0c, 0x0d0d, 0x0d0d, 0x0d0d, 0x0d0d, 0x0d0d, 0x010d, 0x0101,
    0x0101, 0x0101, 0x0101, 0x0101, 0x0101, 0x0101, 0x0101, 0x0101, 0x0101, 0x0101, 0x0101, 0x0101,
    0x0101, 0x0101, 0x010d, 0x0101, 0x0d01, 0x0909, 0x0d09, 0x000d, 0x0a00, 0x0a0a, 0x0a0a, 0x0a0a,
    0x0a0a, 0x0a0a, 0x0a0a, 0x0a0a, 0x0a0a, 0x0a0a, 0x0a0a, 0x0a0a, 0x0a0a, 0x0a0a, 0x0a0a, 0x0a0a,
    0x0a0a, 0x0a0a, 0x0a0a, 0x0a0a, 0x0a0a, 0x0a0a, 0x0a0a, 0x0a0a, 0x0a0a, 0x0a0a, 0x0a0a, 0x0a0a,
    0x0a0a, 0x0a0a, 0x0a0a, 0x0a0a, 0x0a0a, 0x0a0a, 0x0a0a, 0x0a0a, 0x0a0a, 0x0a0a, 0x0a0a, 0x0a0a,
    0x0a0a, 0x0a0a, 0x0a0a, 0x0a0a, 0x0a0a, 0x0a0a, 0x0a0a, 0x0a0a, 0x0a0a, 0x0a0a, 0x0a0a, 0x0a0a,
    0x0a0a, 0x0a0a, 0x0a0a, 0x0a0a, 0x0a0a, 0x0a0a, 0x0a0a, 0x0a0a, 0x0a0a, 0x0a0a, 0x0a0a, 0x0a0a,
    0x0a0a, 0x0a0a, 0x0a0a, 0x0a0a, 0x0a0a, 0x0a0a, 0x0a0a, 0x0a0a, 0x0a0a, 0x0a0a, 0x0a0a, 0x0d0a,
    0x0d0d, 0x0d0d, 0x0d0d, 0x0d0d, 0x090d, 0x0909, 0x0909, 0x0909, 0x0909, 0x0d0d, 0x0d0d, 0x0d0d,
    0x0806, 0x0d0d, 0x080d, 0x0808, 0x0c0c, 0x0d0c, 0x0d0d, 0x0d0d, 0x0d0d, 0x0d0d, 0x0d0d, 0x0d0d,
    0x0d0d, 0x0101, 0x0101, 0x0101, 0x0101, 0x0101, 0x0101, 0x0101, 0x0101, 0x0101, 0x0101, 0x0101,
    0x0101, 0x0d01, 0x0101, 0x0101, 0x0d01, 0x0909, 0x0d0d, 0x000d, 0x0a0a, 0x0a0a, 0x0a0a, 0x0a0a,
    0x0a0a, 0x0a0a, 0x0a0a, 0x0a0a, 0x0a0a, 0x0a0a, 0x0a0a, 0x0a0a, 0x0a0a, 0x0a0a, 0x0a0a, 0x0a0a,
    0x0a0a, 0x0a0a, 0x0a0a, 0x0a0a, 0x0a0a, 0x0a0a, 0x0a0a, 0x0a0a, 0x0a0a, 0x0a0a, 0x0a0a, 0x0a0a,
    0x0a0a, 0x0a0a, 0x0a0a, 0x0a0a, 0x0a0a, 0x0a0a, 0x0a0a, 0x0a0a, 0x0a0a, 0x0a0a, 0x0a0a, 0x0a0a,
    0x0a0a, 0x0a0a, 0x0a0a, 0x0a0a, 0x0a0a, 0x0a0a, 0x0a0a, 0x0a0a, 0x0a0a, 0x0a0a, 0x0a0a, 0x0a0a,
    0x0a0a, 0x0a0a, 0x0a0a, 0x0a0a, 0x0a0a, 0x0a0a, 0x0a0a, 0x0a0a, 0x0a0a, 0x0a0a, 0x0a0a, 0x0a0a,
    0x0a0a, 0x0a0a, 0x0a0a, 0x0a0a, 0x0a0a, 0x0a0a, 0x0a0a, 0x0a0a, 0x0a0a, 0x0a0a, 0x0a0a, 0x0a0a,
    0x0a0a, 0x0a0a, 0x0d0a, 0x0d0d, 0x0d0d, 0x0d0d, 0x0d0d, 0x090d, 0x0909, 0x0909, 0x0909, 0x0909,
    0x0d0d, 0x0d0d, 0x0d0d, 0x0806, 0x0808, 0x0d0d, 0x080d, 0x0c0c, 0x0c0c, 0x0d0c, 0x0d0d, 0x0d0d,
    0x0d0d, 0x0d0d, 0x0d0d, 0x0d0d, 0x0101, 0x0101, 0x0101, 0x0101, 0x0101, 0x0101, 0x0101, 0x0101,
    0x0101, 0x0d01, 0x0101, 0x0101, 0x0d0d, 0x0909, 0x0d0d, 0x0a00, 0x0a0a, 0x0a0a, 0x0a0a, 0x0a0a,
    0x0a0a, 0x0a0a, 0x0a0a, 0x0a0a, 0x0a0a, 0x0a0a, 0x0a0a, 0x0a0a, 0x0a0a, 0x0a0a, 0x0a0a, 0x0a0a,
    0x0a0a, 0x0a0a, 0x0a0a, 0x0a0a, 0x0a0a, 0x0a0a, 0x0a0a, 0x0a0a, 0x0a0a, 0x0a0a, 0x0a0a, 0x0a0a,
    0x0a0a, 0x0a0a, 0x0a0a, 0x0a0a, 0x0a0a, 0x0a0a, 0x0a0a, 0x0a0a, 0x0a0a, 0x0a0a, 0x0a0a, 0x0a0a,
    0x0a0a, 0x0a0a, 0x0a0a, 0x0a0a, 0x0a0a, 0x0a0a, 0x0a0a, 0x0a0a, 0x0a0a, 0x0a0a, 0x0a0a, 0x0a0a,
    0x0a0a, 0x0a0a, 0x0a0a, 0x0a0a, 0x0a0a, 0x0a0a, 0x0a0a, 0x0a0a, 0x0a0a, 0x0a0a, 0x0a0a, 0x0a0a,
    0x0a0a, 0x0a0a, 0x0a0a, 0x0a0a, 0x0a0a, 0x0a0a, 0x0a0a, 0x0a0a, 0x0a0a, 0x0a0a, 0x0a0a, 0x0a0a,
    0x0a0a, 0x0a0a, 0x0a0a, 0x0a0a, 0x0a0a, 0x0d0d, 0x0d0d, 0x0d0d, 0x0d0d, 0x0d0d, 0x0909, 0x0909,
    0x0909, 0x0909, 0x0d09, 0x0d0d, 0x0d0d, 0x0d0d, 0x080c, 0x0607, 0x0806, 0x0d06, 0x0c0d, 0x0c0c,
    0x0c0c, 0x0d0c, 0x0d0d, 0x0d0d, 0x0d0d, 0x0d0d, 0x0d0d, 0x0101, 0x0101, 0x0101, 0x0101, 0x0101,
    0x0101, 0x010d, 0x0101, 0x0101, 0x090d, 0x0909, 0x0d0d, 0x0a0a, 0x0a0a, 0x0a0a, 0x0a0a, 0x0a0a,
    0x0a0a, 0x0a0a, 0x0a0a, 0x0a0a, 0x0a0a, 0x0a0a, 0x0a0a, 0x0a0a, 0x0a0a, 0x0a0a, 0x0a0a, 0x0a0a,
    0x0a0a, 0x0a0a, 0x0a0a, 0x0a0a, 0x0a0a, 0x0a0a, 0x0a0a, 0x0a0a, 0x0a0a, 0x0a0a, 0x0a0a, 0x0a0a,
    0x0a0a, 0x0a0a, 0x0a0a, 0x0a0a, 0x0a0a, 0x0a0a, 0x0a0a, 0x0a0a, 0x0a0a, 0x0a0a, 0x0a0a, 0x0a0a,
    0x0a0a, 0x0a0a, 0x0a0a, 0x0a0a, 0x0a0a, 0x0a0a, 0x0a0a, 0x0a0a, 0x0a0a, 0x0a0a, 0x0a0a, 0x0a0a,
    0x0a0a, 0x0a0a, 0x0a0a, 0x0a0a, 0x0a0a, 0x0a0a, 0x0a0a, 0x0a0a, 0x0a0a, 0x0a0a, 0x0a0a, 0x0a0a,
    0x0a0a, 0x0a0a, 0x0a0a, 0x0a0a, 0x0a0a, 0x0a0a, 0x0a0a, 0x0a0a, 0x0a0a, 0x0a0a, 0x0a0a, 0x0a0a,
    0x0a0a, 0x0a0a, 0x0a0a, 0x0a0a, 0x0a0a, 0x0a0a, 0x0a0a, 0x0a0a, 0x0d0d, 0x0d0d, 0x0d0d, 0x0d0d,
    0x0d0d, 0x0909, 0x0909, 0x0909, 0x0909, 0x0d09, 0x0d0d, 0x0d0d, 0x080d, 0x0d0d, 0x060d, 0x0806,
    0x0c06, 0x0d0d, 0x0c0d, 0x0d0c, 0x0d0c, 0x0d0d, 0x0d0d, 0x0d0d, 0x0d0d, 0x0d0d, 0x0101, 0x0101,
    0x0101, 0x010d, 0x0101, 0x0101, 0x090d, 0x0d09, 0x0a0d, 0x0a0a, 0x0a0a, 0x0a0a, 0x0a0a, 0x0a0a,
    0x0a0a, 0x0a0a, 0x0a0a, 0x0a0a, 0x0a0a, 0x0a0a, 0x0a0a, 0x0a0a, 0x0a0a, 0x0a0a, 0x0a0a, 0x0a0a,
    0x0a0a, 0x0a0a, 0x0a0a, 0x0a0a, 0x0a0a, 0x0a0a, 0x0a0a, 0x0a0a, 0x0a0a, 0x0a0a, 0x0a0a, 0x0a0a,
    0x0a0a, 0x0a0a, 0x0a0a, 0x0a0a, 0x0a0a, 0x0a0a, 0x0a0a, 0x0a0a, 0x0a0a, 0x0a0a, 0x0a0a, 0x0a0a,
    0x0a0a, 0x0a0a, 0x0a0a, 0x0a0a, 0x0a0a, 0x0a0a, 0x0a0a, 0x0a0a, 0x0a0a, 0x0a0a, 0x0a0a, 0x0a0a,
    0x0a0a, 0x0a0a, 0x0a0a, 0x0a0a, 0x0a0a, 0x0a0a, 0x0a0a, 0x0a0a, 0x0a0a, 0x0a0a, 0x0a0a, 0x0a0a,
    0x0a0a, 0x0a0a, 0x0a0a, 0x0a0a, 0x0a0a, 0x0a0a, 0x0a0a, 0x0a0a, 0x0a0a, 0x0a0a, 0x0a0a, 0x0a0a,
    0x0a0a, 0x0a0a, 0x0a0a, 0x0a0a, 0x0a0a, 0x0a0a, 0x0a0a, 0x0a0a, 0x0a0a, 0x030a, 0x0d03, 0x0d0d,
    0x0d0d, 0x0d0d, 0x0d0d, 0x090d, 0x0909, 0x0909, 0x0909, 0x0909, 0x0d0d, 0x0d0d, 0x0d0d, 0x0608,
    0x0808, 0x0d0d, 0x060d, 0x0d0b, 0x0c0d, 0x0d0c, 0x0c0d, 0x0d0d, 0x0d0d, 0x0d0d, 0x010d, 0x0d01,
    0x010d, 0x0101, 0x0101, 0x0d01, 0x0909, 0x0d09, 0x0a0d, 0x0a0a, 0x0a0a, 0x0a0a, 0x0a0a, 0x0a0a,
    0x0a0a, 0x0a0a, 0x0a0a, 0x0a0a, 0x0a0a, 0x0a0a, 0x0a0a, 0x0a0a, 0x0a0a, 0x0a0a, 0x0a0a, 0x0a0a,
    0x0a0a, 0x0a0a, 0x0a0a, 0x0a0a, 0x0a0a, 0x0a0a, 0x0a0a, 0x0a0a, 0x0a0a, 0x0a0a, 0x0a0a, 0x0a0a,
    0x0a0a, 0x0a0a, 0x0a0a, 0x0a0a, 0x0a0a, 0x0a0a, 0x0a0a, 0x0a0a, 0x0a0a, 0x0a0a, 0x0a0a, 0x0a0a,
    0x0a0a, 0x0a0a, 0x0a0a, 0x0a0a, 0x0a0a, 0x0a0a, 0x0a0a, 0x0a0a, 0x0a0a, 0x0a0a, 0x0a0a, 0x0a0a,
    0x0a0a, 0x0a0a, 0x0a0a, 0x0a0a, 0x0a0a, 0x0a0a, 0x0a0a, 0x0a0a, 0x0a0a, 0x0a0a, 0x0a0a, 0x0a0a,
    0x0a0a, 0x0a0a, 0x0a0a, 0x0a0a, 0x0a0a, 0x0a0a, 0x0a0a, 0x0a0a, 0x0a0a, 0x0a0a, 0x0a0a, 0x0a0a,
    0x0a0a, 0x0a0a, 0x0a0a, 0x0a0a, 0x0a0a, 0x0a0a, 0x0a0a, 0x0a0a, 0x0a0a, 0x0a0a, 0x030a, 0x0303,
    0x0303, 0x0d03, 0x0d0d, 0x0d0d, 0x0d0d, 0x0d0d, 0x0d0d, 0x0909, 0x0909, 0x0909, 0x0909, 0x0d0d,
    0x0d0d, 0x0d0d, 0x0607, 0x0807, 0x0708, 0x0808, 0x0d0d, 0x0d0d, 0x0c0d, 0x0d0d, 0x0d0d, 0x0d0d,
    0x0d0d, 0x0101, 0x0101, 0x0d0d, 0x0909, 0x0d0d, 0x0a0a, 0x0a0a, 0x0a0a, 0x0a0a, 0x0a0a, 0x0a0a,
    0x0a0a, 0x0a0a, 0x0a0a, 0x0a0a, 0x0a0a, 0x0a0a, 0x0a0a, 0x0a0a, 0x0a0a, 0x0a0a, 0x0a0a, 0x0a0a,
    0x0a0a, 0x0a0a, 0x0a0a, 0x0a0a, 0x0a0a, 0x0a0a, 0x0a0a, 0x0a0a, 0x0a0a, 0x0a0a, 0x0a0a, 0x0a0a,
    0x0a0a, 0x0a0a, 0x0a0a, 0x0a0a, 0x0a0a, 0x0a0a, 0x0a0a, 0x0a0a, 0x0a0a, 0x0a0a, 0x0a0a, 0x0a0a,
    0x0a0a, 0x0a0a, 0x0a0a, 0x0a0a, 0x0a0a, 0x0a0a, 0x0a0a, 0x0a0a, 0x0a0a, 0x0a0a, 0x0a0a, 0x0a0a,
    0x0a0a, 0x0a0a, 0x0a0a, 0x0a0a, 0x0a0a, 0x0a0a, 0x0a0a, 0x0a0a, 0x0a0a, 0x0a0a, 0x0a0a, 0x0a0a,
    0x0a0a, 0x0a0a, 0x0a0a, 0x0a0a, 0x0a0a, 0x0a0a, 0x0a0a, 0x0a0a, 0x0a0a, 0x0a0a, 0x0a0a, 0x0a0a,
    0x0a0a, 0x0a0a, 0x0a0a, 0x0a0a, 0x0a0a, 0x0a0a, 0x0a0a, 0x0a0a, 0x0a0a, 0x0a0a, 0x0a0a, 0x0a0a,
    0x0303, 0x0303, 0x0303, 0x0303, 0x0d0d, 0x0d0d, 0x0d0d, 0x0d0d, 0x0d0d, 0x090d, 0x0909, 0x0909,
    0x0909, 0x0d09, 0x0d0d, 0x0d0d, 0x0b0d, 0x0806, 0x0b0b, 0x0b08, 0x0b08, 0x0d0d, 0x0d0d, 0x0d0d,
    0x0d0d, 0x0d0d, 0x0d0d, 0x0d0d, 0x0909, 0x0d0d, 0x0a0a, 0x0a0a, 0x0a0a, 0x0a0a, 0x0a0a, 0x0a0a,
    0x0a0a, 0x0a0a, 0x0a0a, 0x0a0a, 0x0a0a, 0x0a0a, 0x0a0a, 0x0a0a, 0x0a0a, 0x0a0a, 0x0a0a, 0x0a0a,
    0x0a0a, 0x0a0a, 0x0a0a, 0x0a0a, 0x0a0a, 0x0a0a, 0x0a0a, 0x0a0a, 0x0a0a, 0x0a0a, 0x0a0a, 0x0a0a,
    0x0a0a, 0x0a0a, 0x0a0a, 0x0a0a, 0x0a0a, 0x0a0a, 0x0a0a, 0x0a0a, 0x0a0a, 0x0a0a, 0x0a0a, 0x0a0a,
    0x0a0a, 0x0a0a, 0x0a0a, 0x0a0a, 0x0a0a, 0x0a0a, 0x0a0a, 0x0a0a, 0x0a0a, 0x0a0a, 0x0a0a, 0x0a0a,
    0x0a0a, 0x0a0a, 0x0a0a, 0x0a0a, 0x0a0a, 0x0a0a, 0x0a0a, 0x0a0a, 0x0a0a, 0x0a0a, 0x0a0a, 0x0a0a,
    0x0a0a, 0x0a0a, 0x0a0a, 0x0a0a, 0x0a0a, 0x0a0a, 0x0a0a, 0x0a0a, 0x0a0a, 0x0a0a, 0x0a0a, 0x0a0a,
    0x0a0a, 0x0a0a, 0x0a0a, 0x0a0a, 0x0a0a, 0x0a0a, 0x0a0a, 0x0a0a, 0x0a0a, 0x0a0a, 0x0a0a, 0x0a0a,
    0x0a0a, 0x0303, 0x0303, 0x0303, 0x0303, 0x0303, 0x0303, 0x0d0d, 0x0d0d, 0x0d0d, 0x0d0d, 0x0d0d,
    0x0909, 0x0909, 0x0909, 0x0909, 0x0d09, 0x0d0d, 0x0d0d, 0x080d, 0x0608, 0x0d0d, 0x0d0d, 0x0d0d,
    0x0d0d, 0x0d0d, 0x0d0d, 0x0d0d, 0x0d09, 0x0d0d, 0x0a0a, 0x0a0a, 0x0a0a, 0x0a0a, 0x0a0a, 0x0a0a,
    0x0a0a, 0x0a0a, 0x0a0a, 0x0a0a, 0x0a0a, 0x0a0a, 0x0a0a, 0x0a0a, 0x0a0a, 0x0a0a, 0x0a0a, 0x0a0a,
    0x0a0a, 0x0a0a, 0x0a0a, 0x0a0a, 0x0a0a, 0x0a0a, 0x0a0a, 0x0a0a, 0x0a0a, 0x0a0a, 0x0a0a, 0x0a0a,
    0x0a0a, 0x0a0a, 0x0a0a, 0x0a0a, 0x0a0a, 0x0a0a, 0x0a0a, 0x0a0a, 0x0a0a, 0x0a0a, 0x0a0a, 0x0a0a,
    0x0a0a, 0x0a0a, 0x0a0a, 0x0a0a, 0x0a0a, 0x0a0a, 0x0a0a, 0x0a0a, 0x0a0a, 0x0a0a, 0x0a0a, 0x0a0a,
    0x0a0a, 0x0a0a, 0x0a0a, 0x0a0a, 0x0a0a, 0x0a0a, 0x0a0a, 0x0a0a, 0x0a0a, 0x0a0a, 0x0a0a, 0x0a0a,
    0x0a0a, 0x0a0a, 0x0a0a, 0x0a0a, 0x0a0a, 0x0a0a, 0x0a0a, 0x0a0a, 0x0a0a, 0x0a0a, 0x0a0a, 0x0a0a,
    0x0a0a, 0x0a0a, 0x0a0a, 0x0a0a, 0x0a0a, 0x0a0a, 0x0a0a, 0x0a0a, 0x0a0a, 0x0a0a, 0x0a0a, 0x0a0a,
    0x0a0a, 0x0a0a, 0x030a, 0x0303, 0x0303, 0x0303, 0x0303, 0x0303, 0x0303, 0x0303, 0x0d0d, 0x0d0d,
    0x0d0d, 0x0d0d, 0x0d0d, 0x0909, 0x0909, 0x0909, 0x0909, 0x0d09, 0x0d0d, 0x0d0d, 0x0d0d, 0x0d0d,
    0x0d0d, 0x0d0d, 0x0d0d, 0x0d0d, 0x0d09, 0x0a0d, 0x0a0a, 0x0a0a, 0x0a0a, 0x0a0a, 0x0a0a, 0x0a0a,
    0x0a0a, 0x0a0a, 0x0a0a, 0x0a0a, 0x0a0a, 0x0a0a, 0x0a0a, 0x0a0a, 0x0a0a, 0x0a0a, 0x0a0a, 0x0a0a,
    0x0a0a, 0x0a0a, 0x0a0a, 0x0a0a, 0x0a0a, 0x0a0a, 0x0a0a, 0x0a0a, 0x0a0a, 0x0a0a, 0x0a0a, 0x0a0a,
    0x0a0a, 0x0a0a, 0x0a0a, 0x0a0a, 0x0a0a, 0x0a0a, 0x0a0a, 0x0a0a, 0x0a0a, 0x0a0a, 0x0a0a, 0x0a0a,
    0x0a0a, 0x0a0a, 0x0a0a, 0x0a0a, 0x0a0a, 0x0a0a, 0x0a0a, 0x0a0a, 0x0a0a, 0x0a0a, 0x0a0a, 0x0a0a,
    0x0a0a, 0x0a0a, 0x0a0a, 0x0a0a, 0x0a0a, 0x0a0a, 0x0a0a, 0x0a0a, 0x0a0a, 0x0a0a, 0x0a0a, 0x0a0a,
    0x0a0a, 0x0a0a, 0x0a0a, 0x0a0a, 0x0a0a, 0x0a0a, 0x0a0a, 0x0a0a, 0x0a0a, 0x0a0a, 0x0a0a, 0x0a0a,
    0x0a0a, 0x0a0a, 0x0a0a, 0x0a0a, 0x0a0a, 0x0a0a, 0x0a0a, 0x0a0a, 0x0a0a, 0x0a0a, 0x0a0a, 0x0a0a,
    0x0a0a, 0x0a0a, 0x0a0a, 0x0a0a, 0x0303, 0x0303, 0x0303, 0x0303, 0x0303, 0x0303, 0x0303, 0x0303,
    0x0d03, 0x0d0d, 0x0d0d, 0x0d0d, 0x0d0d, 0x090d, 0x0909, 0x0909, 0x0d09, 0x0d0d, 0x0d0d, 0x0d0d,
    0x0d0d, 0x0d0d, 0x0d0d, 0x0d0d, 0x0d0d, 0x0a0d, 0x0a0a, 0x0a0a, 0x0a0a, 0x0a0a, 0x0a0a, 0x0a0a,
    0x0a0a, 0x0a0a, 0x0a0a, 0x0a0a, 0x0a0a, 0x0a0a, 0x0a0a, 0x0a0a, 0x0a0a, 0x0a0a, 0x0a0a, 0x0a0a,
    0x0a0a, 0x0a0a, 0x0a0a, 0x0a0a, 0x0a0a, 0x0a0a, 0x0a0a, 0x0a0a, 0x0a0a, 0x0a0a, 0x0a0a, 0x0a0a,
    0x0a0a, 0x0a0a, 0x0a0a, 0x0a0a, 0x0a0a, 0x0a0a, 0x0a0a, 0x0a0a, 0x0a0a, 0x0a0a, 0x0a0a, 0x0a0a,
    0x0a0a, 0x0a0a, 0x0a0a, 0x0a0a, 0x0a0a, 0x0a0a, 0x0a0a, 0x0a0a, 0x0a0a, 0x0a0a, 0x0a0a, 0x0a0a,
    0x0a0a, 0x0a0a, 0x0a0a, 0x0a0a, 0x0a0a, 0x0a0a, 0x0a0a, 0x0a0a, 0x0a0a, 0x0a0a, 0x0a0a, 0x0a0a,
    0x0a0a, 0x0a0a, 0x0a0a, 0x0a0a, 0x0a0a, 0x0a0a, 0x0a0a, 0x0a0a, 0x0a0a, 0x0a0a, 0x0a0a, 0x0a0a,
    0x0a0a, 0x0a0a, 0x0a0a, 0x0a0a, 0x0a0a, 0x0a0a, 0x0a0a, 0x0a0a, 0x0a0a, 0x0a0a, 0x0a0a, 0x0a0a,
    0x0a0a, 0x0a0a, 0x0a0a, 0x0a0a, 0x0a0a, 0x0a0a, 0x0303, 0x0303, 0x0303, 0x0303, 0x0303, 0x0303,
    0x0303, 0x0303, 0x0303, 0x0d03, 0x0d0d, 0x0d0d, 0x0d0d, 0x0d0d, 0x090d, 0x0d0d, 0x0d0d, 0x0d0d,
    0x0d0d, 0x0d0d, 0x0d0d, 0x0d0d, 0x0d0d, 0x0a0a, 0x0a0a, 0x0a0a, 0x0a0a, 0x0a0a, 0x0a0a, 0x0a0a,
    0x0a0a, 0x0a0a, 0x0a0a, 0x0a0a, 0x0a0a, 0x0a0a, 0x0a0a, 0x0a0a, 0x0a0a, 0x0a0a, 0x0a0a, 0x0a0a,
    0x0a0a, 0x0a0a, 0x0a0a, 0x0a0a, 0x0a0a, 0x0a0a, 0x0a0a, 0x0a0a, 0x0a0a, 0x0a0a, 0x0a0a, 0x0a0a,
    0x0a0a, 0x0a0a, 0x0a0a, 0x0a0a, 0x0a0a, 0x0a0a, 0x0a0a, 0x0a0a, 0x0a0a, 0x0a0a, 0x0a0a, 0x0a0a,
    0x0a0a, 0x0a0a, 0x0a0a, 0x0a0a, 0x0a0a, 0x0a0a, 0x0a0a, 0x0a0a, 0x0a0a, 0x0a0a, 0x0a0a, 0x0a0a,
    0x0a0a, 0x0a0a, 0x0a0a, 0x0a0a, 0x0a0a, 0x0a0a, 0x0a0a, 0x0a0a, 0x0a0a, 0x0a0a, 0x0a0a, 0x0a0a,
    0x0a0a, 0x0a0a, 0x0a0a, 0x0a0a, 0x0a0a, 0x0a0a, 0x0a0a, 0x0a0a, 0x0a0a, 0x0a0a, 0x0a0a, 0x0a0a,
    0x0a0a, 0x0a0a, 0x0a0a, 0x0a0a, 0x0a0a, 0x0a0a, 0x0a0a, 0x0a0a, 0x0a0a, 0x0a0a, 0x0a0a, 0x0a0a,
    0x0a0a, 0x0a0a, 0x0a0a, 0x0a0a, 0x0a0a, 0x0a0a, 0x0a0a, 0x0a0a, 0x0a0a, 0x0303, 0x0303, 0x0303,
    0x0303, 0x0303, 0x0303, 0x0303, 0x0303, 0x0a03, 0x0d0d, 0x0d0d, 0x0d0d, 0x0d0d, 0x0d0d, 0x0d0d,
    0x0d0d, 0x0d0d, 0x0d0d, 0x0d0d, 0x0a0d, 0x0a0a, 0x0a0a, 0x0a0a, 0x0a0a, 0x0a0a, 0x0a0a, 0x0a0a,
    0x0a0a, 0x0a0a, 0x0a0a, 0x0a0a, 0x0a0a, 0x0a0a, 0x0a0a, 0x0a0a, 0x0a0a, 0x0a0a, 0x0a0a, 0x0a0a,
    0x0a0a, 0x0a0a, 0x0a0a, 0x0a0a, 0x0a0a, 0x0a0a, 0x0a0a, 0x0a0a, 0x0a0a, 0x0a0a, 0x0a0a, 0x0a0a,
    0x0a0a, 0x0a0a, 0x0a0a, 0x0a0a, 0x0a0a, 0x0a0a, 0x0a0a, 0x0a0a, 0x0a0a, 0x0a0a, 0x0a0a, 0x0a0a,
    0x0a0a, 0x0a0a, 0x0a0a, 0x0a0a, 0x0a0a, 0x0a0a, 0x0a0a, 0x0a0a, 0x0a0a, 0x0a0a, 0x0a0a, 0x0a0a,
    0x0a0a, 0x0a0a, 0x0a0a, 0x0a0a, 0x0a0a, 0x0a0a, 0x0a0a, 0x0a0a, 0x0a0a, 0x0a0a, 0x0a0a, 0x0a0a,
    0x0a0a, 0x0a0a, 0x0a0a, 0x0a0a, 0x0a0a, 0x0a0a, 0x0a0a, 0x0a0a, 0x0a0a, 0x0a0a, 0x0a0a, 0x0a0a,
    0x0a0a, 0x0a0a, 0x0a0a, 0x0a0a, 0x0a0a, 0x0a0a, 0x0a0a, 0x0a0a, 0x0a0a, 0x0a0a, 0x0a0a, 0x0a0a,
    0x0a0a, 0x0a0a, 0x0a0a, 0x0a0a, 0x0a0a, 0x0a0a, 0x0a0a, 0x0a0a, 0x0a0a, 0x0a0a, 0x0a0a, 0x0a0a,
    0x0a0a, 0x0a0a, 0x0a0a, 0x0a0a, 0x0a0a, 0x0a0a, 0x0a0a, 0x0a0a, 0x0a0a, 0x0d0d, 0x0d0d, 0x0d0d,
    0x0d0d, 0x0d0d, 0x0d0d, 0x0d0d, 0x0a0a, 0x0a0a, 0x0a0a, 0x0a0a, 0x0a0a, 0x0a0a, 0x0a0a, 0x0a0a,
    0x0a0a, 0x0a0a, 0x0a0a, 0x0a0a, 0x0a0a, 0x0a0a, 0x0a0a, 0x0a0a, 0x0a0a, 0x0a0a, 0x0a0a, 0x0a0a,
    0x0a0a, 0x0a0a, 0x0a0a, 0x0a0a, 0x0a0a, 0x0a0a, 0x0a0a, 0x0a0a, 0x0a0a, 0x0a0a, 0x0a0a, 0x0a0a,
    0x0a0a, 0x0a0a, 0x0a0a, 0x0a0a, 0x0a0a, 0x0a0a, 0x0a0a, 0x0a0a, 0x0a0a, 0x0a0a, 0x0a0a, 0x0a0a,
    0x0a0a, 0x0a0a, 0x0a0a, 0x0a0a, 0x0a0a, 0x0a0a, 0x0a0a, 0x0a0a, 0x0a0a, 0x0a0a, 0x0a0a, 0x0a0a,
    0x0a0a, 0x0a0a, 0x0a0a, 0x0a0a, 0x0a0a, 0x0a0a, 0x0a0a, 0x0a0a, 0x0a0a, 0x0a0a, 0x0a0a, 0x0a0a,
    0x0a0a, 0x0a0a, 0x0a0a, 0x0a0a, 0x0a0a, 0x0a0a, 0x0a0a, 0x0a0a, 0x0a0a, 0x0a0a, 0x0a0a, 0x0a0a,
    0x0a0a, 0x0a0a, 0x0a0a, 0x0a0a, 0x0a0a, 0x0a0a, 0x0a0a, 0x0a0a, 0x0a0a, 0x0a0a, 0x0a0a, 0x0a0a,
    0x0a0a, 0x0a0a, 0x0a0a, 0x0a0a, 0x0a0a, 0x0a0a, 0x0a0a, 0x0a0a, 0x0a0a, 0x0a0a, 0x0a0a, 0x0a0a,
    0x0a0a, 0x0a0a, 0x0a0a, 0x0a0a, 0x0a0a, 0x0a0a, 0x0a0a, 0x0a0a, 0x0a0a, 0x0a0a, 0x0a0a, 0x0a0a,
    0x0a0a, 0x0a0a, 0x0a0a, 0x0a0a, 0x0a0a, 0x0a0a, 0x0a0a, 0x0a0a, 0x0a0a, 0x0a0a, 0x0a0a, 0x0a0a,
    0x0a0a, 0x0a0a, 0x0a0a, 0x0a0a, 0x0a0a, 0x0a0a, 0x0a0a, 0x0a0a, 0x0a0a, 0x0a0a, 0x0a0a, 0x0a0a,
    0x0a0a, 0x0a0a, 0x0a0a, 0x0a0a, 0x0a0a, 0x0a0a, 0x0a0a, 0x0a0a, 0x0a0a, 0x0a0a, 0x0a0a, 0x0a0a,
    0x0a0a, 0x0a0a, 0x0a0a, 0x0a0a, 0x0a0a, 0x0a0a, 0x0a0a, 0x0a0a, 0x0a0a, 0x0a0a, 0x0a0a, 0x0a0a,
    0x0a0a, 0x0a0a, 0x0a0a, 0x0a0a, 0x0a0a, 0x0a0a, 0x0a0a, 0x0a0a, 0x0a0a, 0x0a0a, 0x0a0a, 0x0a0a,
    0x0a0a, 0x0a0a, 0x0a0a, 0x0a0a, 0x0a0a, 0x0a0a, 0x0a0a, 0x0a0a, 0x0a0a, 0x0a0a, 0x0a0a, 0x0a0a,
    0x0a0a, 0x0a0a, 0x0a0a, 0x0a0a, 0x0a0a, 0x0a0a, 0x0a0a, 0x0a0a, 0x0a0a, 0x0a0a, 0x0a0a, 0x0a0a,
    0x0a0a, 0x0a0a, 0x0a0a, 0x0a0a, 0x0a0a, 0x0a0a, 0x0a0a, 0x0a0a, 0x0a0a, 0x0a0a, 0x0a0a, 0x0a0a,
    0x0a0a, 0x0a0a, 0x0a0a, 0x0a0a, 0x0a0a, 0x0a0a, 0x0a0a, 0x0a0a, 0x0a0a, 0x0a0a, 0x0a0a, 0x0a0a,
    0x0a0a, 0x0a0a, 0x0a0a, 0x0a0a, 0x0a0a, 0x0a0a, 0x0a0a, 0x0a0a, 0x0a0a, 0x0a0a, 0x0a0a, 0x0a0a,
    0x0a0a, 0x0a0a, 0x0a0a, 0x0a0a, 0x0a0a, 0x0a0a, 0x0a0a, 0x0a0a, 0x0a0a, 0x0a0a, 0x0a0a, 0x0a0a,
    0x0a0a, 0x0a0a, 0x0a0a, 0x0a0a, 0x0a0a, 0x0a0a, 0x0a0a, 0x0a0a, 0x0a0a, 0x0a0a, 0x0a0a, 0x0a0a,
    0x0a0a, 0x0a0a, 0x0a0a, 0x0a0a, 0x0a0a, 0x0a0a, 0x0a0a, 0x0a0a, 0x0a0a, 0x0a0a, 0x0a0a, 0x0a0a,
    0x0a0a, 0x0a0a, 0x0a0a, 0x0a0a, 0x0a0a, 0x0a0a, 0x0a0a, 0x0a0a, 0x0a0a, 0x0a0a, 0x0a0a, 0x0a0a,
    0x0a0a, 0x0a0a, 0x0a0a, 0x0a0a, 0x0a0a, 0x0a0a, 0x0a0a, 0x0a0a, 0x0a0a, 0x0a0a, 0x0a0a, 0x0a0a,
    0x0a0a, 0x0a0a, 0x0a0a, 0x0a0a, 0x0a0a, 0x0a0a, 0x0a0a, 0x0a0a, 0x0a0a, 0x0a0a, 0x0a0a, 0x0a0a,
    0x0a0a, 0x0a0a, 0x0a0a, 0x0a0a, 0x0a0a, 0x0a0a, 0x0a0a, 0x0a0a, 0x0a0a, 0x0a0a, 0x0a0a, 0x0a0a,
    0x0a0a, 0x0a0a, 0x0a0a, 0x0a0a, 0x0a0a, 0x0a0a, 0x0a0a, 0x0a0a, 0x0a0a, 0x0a0a, 0x0a0a, 0x0a0a,
    0x0a0a, 0x0a0a, 0x0a0a, 0x0a0a, 0x0a0a, 0x0a0a, 0x0a0a, 0x0a0a, 0x0a0a, 0x0a0a, 0x0a0a, 0x0a0a,
    0x0a0a, 0x0a0a, 0x0a0a, 0x0a0a, 0x0a0a, 0x0a0a, 0x0a0a, 0x0a0a, 0x0a0a, 0x0a0a, 0x0a0a, 0x0a0a,
    0x0a0a, 0x0a0a, 0x0a0a, 0x0a0a, 0x0a0a, 0x0a0a, 0x0a0a, 0x0a0a, 0x0a0a, 0x0a0a, 0x0a0a, 0x0a0a,
    0x0a0a, 0x0a0a, 0x0a0a, 0x0a0a, 0x0a0a, 0x0a0a, 0x0a0a, 0x0a0a, 0x0a0a, 0x0a0a, 0x0a0a, 0x0a0a,
    0x0a0a, 0x0a0a, 0x0a0a, 0x0a0a, 0x0a0a, 0x0a0a, 0x0a0a, 0x0a0a, 0x0a0a, 0x0a0a, 0x0a0a, 0x0a0a,
    0x0a0a, 0x0a0a, 0x0a0a, 0x0a0a, 0x0a0a, 0x0a0a, 0x0a0a, 0x0a0a, 0x0a0a, 0x0a0a, 0x0a0a, 0x0a0a,
    0x0a0a, 0x0a0a, 0x0a0a, 0x0a0a, 0x0a0a, 0x0a0a, 0x0a0a, 0x0a0a, 0x0a0a, 0x0a0a, 0x0a0a, 0x0a0a,
    0x0a0a, 0x0a0a, 0x0a0a, 0x0a0a, 0x0a0a, 0x0a0a, 0x0a0a, 0x0a0a, 0x0a0a, 0x0a0a, 0x0a0a, 0x0a0a,
    0x0a0a, 0x0a0a, 0x0a0a, 0x0a0a, 0x0a0a, 0x0a0a, 0x0a0a, 0x0a0a, 0x0a0a, 0x0a0a, 0x0a0a, 0x0a0a,
    0x0a0a, 0x0a0a, 0x0a0a, 0x0a0a, 0x0a0a, 0x0a0a, 0x0a0a, 0x0a0a, 0x0a0a, 0x0a0a, 0x0a0a, 0x0a0a,
    0x0a0a, 0x0a0a, 0x0a0a, 0x0a0a, 0x0a0a, 0x0a0a, 0x0a0a, 0x0a0a, 0x0a0a, 0x0a0a, 0x0a0a, 0x0a0a,
    0x0a0a, 0x0a0a, 0x0a0a, 0x0a0a, 0x0a0a, 0x0a0a, 0x0a0a, 0x0a0a, 0x0a0a, 0x0a0a, 0x0a0a, 0x0a0a,
    0x0a0a, 0x0a0a, 0x0a0a, 0x0a0a, 0x0a0a, 0x0a0a, 0x0a0a, 0x0a0a, 0x0a0a, 0x0a0a, 0x0a0a, 0x0a0a,
    0x0a0a, 0x0a0a, 0x0a0a, 0x0a0a, 0x0a0a, 0x0a0a, 0x0a0a, 0x0a0a, 0x0a0a, 0x0a0a, 0x0a0a, 0x0a0a,
    0x0a0a, 0x0a0a, 0x0a0a, 0x0a0a, 0x0a0a, 0x0a0a, 0x0a0a, 0x0a0a, 0x0a0a, 0x0a0a, 0x0a0a, 0x0a0a,
    0x0a0a, 0x0a0a, 0x0a0a, 0x0a0a, 0x0a0a, 0x0a0a, 0x0a0a, 0x0a0a, 0x0a0a, 0x0a0a, 0x0a0a, 0x0a0a,
    0x0a0a, 0x0a0a, 0x0a0a, 0x0a0a, 0x0a0a, 0x0a0a, 0x0a0a, 0x0a0a, 0x0a0a, 0x0a0a, 0x0a0a, 0x0a0a,
    0x0a0a, 0x0a0a, 0x0a0a, 0x0a0a, 0x0a0a, 0x0a0a, 0x0a0a, 0x0a0a, 0x0a0a, 0x0a0a, 0x0a0a, 0x0a0a,
    0x0a0a, 0x0a0a, 0x0a0a, 0x0a0a, 0x0a0a, 0x0a0a, 0x0a0a, 0x0a0a, 0x0a0a, 0x0a0a, 0x0a0a, 0x0a0a,
    0x0a0a, 0x0a0a, 0x0a0a, 0x0a0a, 0x0a0a, 0x0a0a, 0x0a0a, 0x0a0a, 0x0a0a, 0x0a0a, 0x0a0a, 0x0a0a,
    0x0a0a, 0x0a0a, 0x0a0a, 0x0a0a, 0x0a0a, 0x0a0a, 0x0a0a, 0x0a0a, 0x0a0a, 0x0a0a, 0x0a0a, 0x0a0a,
    0x0a0a, 0x0a0a, 0x0a0a, 0x0a0a, 0x0a0a, 0x0a0a, 0x0a0a, 0x0a0a, 0x0a0a, 0x0a0a, 0x0a0a, 0x0a0a,
    0x0a0a, 0x0a0a, 0x0a0a, 0x0a0a, 0x0a0a, 0x0a0a, 0x0a0a, 0x0a0a, 0x0a0a, 0x0a0a, 0x0a0a, 0x0a0a,
    0x0a0a, 0x0a0a, 0x0a0a, 0x0a0a, 0x0a0a, 0x0a0a, 0x0a0a, 0x0a0a, 0x0a0a, 0x0a0a, 0x0a0a, 0x0a0a,
    0x0a0a, 0x0a0a, 0x0a0a, 0x0a0a, 0x0a0a, 0x0a0a, 0x0a0a, 0x0a0a, 0x0a0a, 0x0a0a, 0x0a0a, 0x0a0a,
    0x0a0a, 0x0a0a, 0x0a0a, 0x0a0a, 0x0a0a, 0x0a0a, 0x0a0a, 0x0a0a, 0x0a0a, 0x0a0a, 0x0a0a, 0x0a0a,
    0x0a0a, 0x0a0a, 0x0a0a, 0x0a0a, 0x0a0a, 0x0a0a, 0x0a0a, 0x0a0a, 0x0a0a, 0x0a0a, 0x0a0a, 0x0a0a,
    0x0a0a, 0x0a0a, 0x0a0a, 0x0a0a, 0x0a0a, 0x0a0a, 0x0a0a, 0x0a0a, 0x0a0a, 0x0a0a, 0x0a0a, 0x0a0a,
    0x0a0a, 0x0a0a, 0x0a0a, 0x0a0a, 0x0a0a, 0x0a0a, 0x0a0a, 0x0a0a, 0x0a0a, 0x0a0a, 0x0a0a, 0x0a0a,
    0x0a0a, 0x0a0a, 0x0a0a, 0x0a0a, 0x0a0a, 0x0a0a, 0x0a0a, 0x0a0a, 0x0a0a, 0x0a0a, 0x0a0a, 0x0a0a,
    0x0a0a, 0x0a0a, 0x0a0a, 0x0a0a, 0x0a0a, 0x0a0a, 0x0a0a, 0x0a0a, 0x0a0a, 0x0a0a, 0x0a0a, 0x0a0a,
    0x0a0a, 0x0a0a, 0x0a0a, 0x0a0a, 0x0a0a, 0x0a0a, 0x0a0a, 0x0a0a, 0x0a0a, 0x0a0a, 0x0a0a, 0x0a0a,
    0x0a0a, 0x0a0a, 0x0a0a, 0x0a0a, 0x0a0a, 0x0a0a, 0x0a0a, 0x0a0a, 0x0a0a, 0x0a0a, 0x0a0a, 0x0a0a,
    0x0a0a, 0x0a0a, 0x0a0a, 0x0a0a, 0x0a0a, 0x0a0a, 0x0a0a, 0x0a0a, 0x0a0a, 0x0a0a, 0x0a0a, 0x0a0a,
    0x0a0a, 0x0a0a, 0x0a0a, 0x0a0a, 0x0a0a, 0x0a0a, 0x0a0a, 0x0a0a, 0x0a0a, 0x0a0a, 0x0a0a, 0x0a0a,
    0x0a0a, 0x0a0a, 0x0a0a, 0x0a0a, 0x0a0a, 0x0a0a, 0x0a0a, 0x0a0a, 0x0a0a, 0x0a0a, 0x0a0a, 0x0a0a,
    0x0a0a, 0x0a0a, 0x0a0a, 0x0a0a, 0x0a0a, 0x0a0a, 0x0a0a, 0x0a0a, 0x0a0a, 0x0a0a, 0x0a0a, 0x0a0a,
    0x0a0a, 0x0a0a, 0x0a0a, 0x0a0a, 0x0a0a, 0x0a0a, 0x0a0a, 0x0a0a, 0x0a0a, 0x0a0a, 0x0a0a, 0x0a0a,
    0x0a0a, 0x0a0a, 0x0a0a, 0x0a0a, 0x0a0a, 0x0a0a, 0x0a0a, 0x0a0a, 0x0a0a, 0x0a0a, 0x0a0a, 0x0a0a,
    0x0a0a, 0x0a0a, 0x0a0a, 0x0a0a, 0x0a0a, 0x0a0a, 0x0a0a, 0x0a0a, 0x0a0a, 0x0a0a, 0x0a0a, 0x0a0a,
    0x0a0a, 0x0a0a, 0x0a0a, 0x0a0a, 0x0a0a, 0x0a0a, 0x0a0a, 0x0a0a, 0x0a0a, 0x0a0a, 0x0a0a, 0x0a0a,
    0x0a0a, 0x0a0a, 0x0a0a, 0x0a0a, 0x0a0a, 0x0a0a, 0x0a0a, 0x0a0a, 0x0a0a, 0x0a0a, 0x0a0a, 0x0a0a,
    0x0a0a, 0x0a0a, 0x0a0a, 0x0a0a, 0x0a0a, 0x0a0a, 0x0a0a, 0x0a0a, 0x0a0a, 0x0a0a, 0x0a0a, 0x0a0a,
    0x0a0a, 0x0a0a, 0x0a0a, 0x0a0a, 0x0a0a, 0x0a0a, 0x0a0a, 0x0a0a, 0x0a0a, 0x0a0a, 0x0a0a, 0x0a0a,
    0x0a0a, 0x0a0a, 0x0a0a, 0x0a0a, 0x0a0a, 0x0a0a, 0x0a0a, 0x0a0a, 0x0a0a, 0x0a0a, 0x0a0a, 0x0a0a,
    0x0a0a, 0x0a0a, 0x0a0a, 0x0a0a, 0x0a0a, 0x0a0a, 0x0a0a, 0x0a0a, 0x0a0a, 0x0a0a, 0x0a0a, 0x0a0a,
    0x0a0a, 0x0a0a, 0x0a0a, 0x0a0a, 0x0a0a, 0x0a0a, 0x0a0a, 0x0a0a, 0x0a0a, 0x0a0a, 0x0a0a, 0x0a0a,
    0x0a0a, 0x0a0a, 0x0a0a, 0x0a0a, 0x0a0a, 0x0a0a, 0x0a0a, 0x0a0a, 0x0a0a, 0x0a0a, 0x0a0a, 0x0a0a,
    0x0a0a, 0x0a0a, 0x0a0a, 0x0a0a, 0x0a0a, 0x0a0a, 0x0a0a, 0x0a0a, 0x0a0a, 0x0a0a, 0x0a0a, 0x0a0a,
    0x0a0a, 0x0a0a, 0x0a0a, 0x0a0a, 0x0a0a, 0x0a0a, 0x0a0a, 0x0a0a, 0x0a0a, 0x0a0a, 0x0a0a, 0x0a0a,
    0x0a0a, 0x0a0a, 0x0a0a, 0x0a0a, 0x0a0a, 0x0a0a, 0x0a0a, 0x0a0a, 0x0a0a, 0x0a0a, 0x0a0a, 0x0a0a,
    0x0a0a, 0x0a0a, 0x0a0a, 0x0a0a, 0x0a0a, 0x0a0a, 0x0a0a, 0x0a0a, 0x0a0a, 0x0a0a, 0x0a0a, 0x0a0a,
    0x0a0a, 0x0a0a, 0x0a0a, 0x0a0a, 0x0a0a, 0x0a0a, 0x0a0a, 0x0a0a, 0x0a0a, 0x0a0a, 0x0a0a, 0x0a0a,
    0x0a0a, 0x0a0a, 0x0a0a, 0x0a0a, 0x0a0a, 0x0a0a, 0x0a0a, 0x0a0a, 0x0a0a, 0x0a0a, 0x0a0a, 0x0a0a,
    0x0a0a, 0x0a0a, 0x0a0a, 0x0a0a, 0x0a0a, 0x0a0a, 0x0a0a, 0x0a0a, 0x0a0a, 0x0a0a, 0x0a0a, 0x0a0a,
    0x0a0a, 0x0a0a, 0x0a0a, 0x0a0a, 0x0a0a, 0x0a0a, 0x0a0a, 0x0a0a, 0x0a0a, 0x0a0a, 0x0a0a, 0x0a0a,
    0x0a0a, 0x0a0a, 0x0a0a, 0x0a0a, 0x0a0a, 0x0a0a, 0x0a0a, 0x0a0a, 0x0a0a, 0x0a0a, 0x0a0a, 0x0a0a,
    0x0a0a, 0x0a0a, 0x0a0a, 0x0a0a, 0x0a0a, 0x0a0a, 0x0a0a, 0x0a0a, 0x0a0a, 0x0a0a, 0x0a0a, 0x0a0a,
    0x0a0a, 0x0a0a, 0x0a0a, 0x0a0a, 0x0a0a, 0x0a0a, 0x0a0a, 0x0a0a, 0x0a0a, 0x0a0a, 0x0a0a, 0x0a0a,
    0x0a0a, 0x0a0a, 0x0a0a, 0x0a0a, 0x0a0a, 0x0a0a, 0x0a0a, 0x0a0a, 0x0a0a, 0x0a0a, 0x0a0a, 0x0a0a,
    0x0a0a, 0x0a0a, 0x0a0a, 0x0a0a, 0x0a0a, 0x0a0a, 0x0a0a, 0x0a0a, 0x0a0a, 0x0a0a, 0x0a0a, 0x0a0a,
    0x0a0a, 0x0a0a, 0x0a0a, 0x0a0a, 0x0a0a, 0x0a0a, 0x0a0a, 0x0a0a, 0x0a0a, 0x0a0a, 0x0a0a, 0x0a0a,
    0x0a0a, 0x0a0a, 0x0a0a, 0x0a0a, 0x0a0a, 0x0a0a, 0x0a0a, 0x0a0a, 0x0a0a, 0x0a0a, 0x0a0a, 0x0a0a,
    0x0a0a, 0x0a0a, 0x0a0a, 0x0a0a, 0x0a0a, 0x0a0a, 0x0a0a, 0x0a0a, 0x0a0a, 0x0a0a, 0x0a0a, 0x0a0a,
    0x0a0a, 0x0a0a, 0x0a0a, 0x0a0a, 0x0a0a, 0x0a0a, 0x0a0a, 0x0a0a, 0x0a0a, 0x0a0a, 0x0a0a, 0x0a0a,
    0x0a0a, 0x0a0a, 0x0a0a, 0x0a0a, 0x0a0a, 0x0a0a, 0x0a0a, 0x0a0a, 0x0a0a, 0x0a0a, 0x0a0a, 0x0a0a,
    0x0a0a, 0x0a0a, 0x0a0a, 0x0a0a, 0x0a0a, 0x0a0a, 0x0a0a, 0x0a0a, 0x0a0a, 0x0a0a, 0x0a0a, 0x0a0a,
    0x0a0a, 0x0a0a, 0x0a0a, 0x0a0a, 0x0a0a, 0x0a0a, 0x0a0a, 0x0a0a, 0x0a0a, 0x0a0a, 0x0a0a, 0x0a0a,
    0x0a0a, 0x0a0a, 0x0a0a, 0x0a0a, 0x0a0a, 0x0a0a, 0x0a0a, 0x0a0a, 0x0a0a, 0x0a0a, 0x0a0a, 0x0a0a,
    0x0a0a, 0x0a0a, 0x0a0a, 0x0a0a, 0x0a0a, 0x0a0a, 0x0a0a, 0x0a0a, 0x0a0a, 0x0a0a, 0x0a0a, 0x0a0a,
    0x0a0a, 0x0a0a, 0x0a0a, 0x0a0a, 0x0a0a, 0x0a0a, 0x0a0a, 0x0a0a, 0x0a0a, 0x0a0a, 0x0a0a, 0x0a0a,
    0x0a0a, 0x0a0a, 0x0a0a, 0x0a0a, 0x0a0a, 0x0a0a, 0x0a0a, 0x0a0a, 0x0a0a, 0x0a0a, 0x0a0a, 0x0a0a,
    0x0a0a, 0x0a0a, 0x0a0a, 0x0a0a, 0x0a0a, 0x0a0a, 0x0a0a, 0x0a0a, 0x0a0a, 0x0a0a, 0x0a0a, 0x0a0a,
    0x0a0a, 0x0a0a, 0x0a0a, 0x0a0a, 0x0a0a, 0x0a0a, 0x0a0a, 0x0a0a, 0x0a0a, 0x0a0a, 0x0a0a, 0x0a0a,
    0x0a0a, 0x0a0a, 0x0a0a, 0x0a0a, 0x0a0a, 0x0a0a, 0x0a0a, 0x0a0a, 0x0a0a, 0x0a0a, 0x0a0a, 0x0a0a,
    0x0a0a, 0x0a0a, 0x0a0a, 0x0a0a, 0x0a0a, 0x0a0a, 0x0a0a, 0x0a0a, 0x0a0a, 0x0a0a, 0x0a0a, 0x0a0a,
    0x0a0a, 0x0a0a, 0x0a0a, 0x0a0a, 0x0a0a, 0x0a0a, 0x0a0a, 0x0a0a, 0x0a0a, 0x0a0a, 0x0a0a, 0x0a0a,
    0x0a0a, 0x0a0a, 0x0a0a, 0x0a0a, 0x0a0a, 0x0a0a, 0x0a0a, 0x0a0a, 0x0a0a, 0x0a0a, 0x0a0a, 0x0a0a,
    0x0a0a, 0x0a0a, 0x0a0a, 0x0a0a, 0x0a0a, 0x0a0a, 0x0a0a, 0x0a0a, 0x0a0a, 0x0a0a, 0x0a0a, 0x0a0a,
    0x0a0a, 0x0a0a, 0x0a0a, 0x0a0a, 0x0a0a, 0x0a0a, 0x0a0a, 0x0a0a, 0x0a0a, 0x0a0a, 0x0a0a, 0x0a0a,
    0x0a0a, 0x0a0a, 0x0a0a, 0x0a0a, 0x0a0a, 0x0a0a, 0x0a0a, 0x0a0a, 0x0a0a, 0x0a0a, 0x0a0a, 0x0a0a,
    0x0a0a, 0x0a0a, 0x0a0a, 0x0a0a, 0x0a0a, 0x0a0a, 0x0a0a, 0x0a0a, 0x0a0a, 0x0a0a, 0x0a0a, 0x0a0a,
    0x0a0a, 0x0a0a, 0x0a0a, 0x0a0a, 0x0a0a, 0x0a0a, 0x0a0a, 0x0a0a, 0x0a0a, 0x0a0a, 0x0a0a, 0x0a0a,
    0x0a0a, 0x0a0a, 0x0a0a, 0x0a0a, 0x0a0a, 0x0a0a, 0x0a0a, 0x0a0a, 0x0a0a, 0x0a0a, 0x0a0a, 0x0a0a,
    0x0a0a, 0x0a0a, 0x0a0a, 0x0a0a, 0x0a0a, 0x0a0a, 0x0a0a, 0x0a0a, 0x0a0a, 0x0a0a, 0x0a0a, 0x0a0a,
    0x0a0a, 0x0a0a, 0x0a0a, 0x0a0a, 0x0a0a, 0x0a0a, 0x0a0a, 0x0a0a, 0x0a0a, 0x0a0a, 0x0a0a, 0x0a0a,
    0x0a0a, 0x0a0a, 0x0a0a, 0x0a0a, 0x0a0a, 0x0a0a, 0x0a0a, 0x0a0a, 0x0a0a, 0x0a0a, 0x0a0a, 0x0a0a,
    0x0a0a, 0x0a0a, 0x0a0a, 0x0a0a, 0x0a0a, 0x0a0a, 0x0a0a, 0x0a0a, 0x0a0a, 0x0a0a, 0x0a0a, 0x0a0a,
    0x0a0a, 0x0a0a, 0x0a0a, 0x0a0a, 0x0a0a, 0x0a0a, 0x0a0a, 0x0a0a, 0x0a0a, 0x0a0a, 0x0a0a, 0x0a0a,
    0x0a0a, 0x0a0a, 0x0a0a, 0x0a0a, 0x0a0a, 0x0a0a, 0x0a0a, 0x0a0a, 0x0a0a, 0x0a0a, 0x0a0a, 0x0a0a,
    0x0a0a, 0x0a0a, 0x0a0a, 0x0a0a, 0x0a0a, 0x0a0a, 0x0a0a, 0x0a0a, 0x0a0a, 0x0a0a, 0x0a0a, 0x0a0a,
    0x0a0a, 0x0a0a, 0x0a0a, 0x0a0a, 0x0a0a, 0x0a0a, 0x0a0a, 0x0a0a, 0x0a0a, 0x0a0a, 0x0a0a, 0x0a0a,
    0x0a0a, 0x0a0a, 0x0a0a, 0x0a0a, 0x0a0a, 0x0a0a, 0x0a0a, 0x0a0a, 0x0a0a, 0x0a0a, 0x0a0a, 0x0a0a,
    0x0a0a, 0x0a0a, 0x0a0a, 0x0a0a, 0x0a0a, 0x0a0a, 0x0a0a, 0x0a0a, 0x0a0a, 0x0a0a, 0x0a0a, 0x0a0a,
    0x0a0a, 0x0a0a, 0x0a0a, 0x0a0a, 0x0a0a, 0x0a0a, 0x0a0a, 0x0a0a, 0x0a0a, 0x0a0a, 0x0a0a, 0x0a0a,
    0x0a0a, 0x0a0a, 0x0a0a, 0x0a0a, 0x0a0a, 0x0a0a, 0x0a0a, 0x0a0a, 0x0a0a, 0x0a0a, 0x0a0a, 0x0a0a,
    0x0a0a, 0x0a0a, 0x0a0a, 0x0a0a, 0x0a0a, 0x0a0a, 0x0a0a, 0x0a0a, 0x0a0a, 0x0a0a, 0x0a0a, 0x0a0a,
    0x0a0a, 0x0a0a, 0x0a0a, 0x0a0a, 0x0a0a, 0x0a0a, 0x0a0a, 0x0a0a, 0x0a0a, 0x0a0a, 0x0a0a, 0x0a0a,
    0x0a0a, 0x0a0a, 0x0a0a, 0x0a0a, 0x0a0a, 0x0a0a, 0x0a0a, 0x0a0a, 0x0a0a, 0x0a0a, 0x0a0a, 0x0a0a,
    0x0a0a, 0x0a0a, 0x0a0a, 0x0a0a, 0x0a0a, 0x0a0a, 0x0a0a, 0x0a0a, 0x0a0a, 0x0a0a, 0x0a0a, 0x0a0a,
    0x0a0a, 0x0a0a, 0x0a0a, 0x0a0a, 0x0a0a, 0x0a0a, 0x0a0a, 0x0a0a, 0x0a0a, 0x0a0a, 0x0a0a, 0x0a0a,
    0x0a0a, 0x0a0a, 0x0a0a, 0x0a0a, 0x0a0a, 0x0a0a, 0x0a0a, 0x0a0a, 0x0a0a, 0x0a0a, 0x0a0a, 0x0a0a,
    0x0a0a, 0x0a0a, 0x0a0a, 0x0a0a, 0x0a0a, 0x0a0a, 0x0a0a, 0x0a0a, 0x0a0a, 0x0a0a, 0x0a0a, 0x0a0a,
    0x0a0a, 0x0a0a, 0x0a0a, 0x0a0a, 0x0a0a, 0x0a0a, 0x0a0a, 0x0a0a, 0x0a0a, 0x0a0a, 0x0a0a, 0x0a0a,
    0x0a0a, 0x0a0a, 0x0a0a, 0x0a0a, 0x0a0a, 0x0a0a, 0x0a0a, 0x0a0a, 0x0a0a, 0x0a0a, 0x0a0a, 0x0a0a,
    0x0a0a, 0x0a0a, 0x0a0a, 0x0a0a, 0x0a0a, 0x0a0a, 0x0a0a, 0x0a0a, 0x0a0a, 0x0a0a, 0x0a0a, 0x0a0a,
    0x0a0a, 0x0a0a, 0x0a0a, 0x0a0a, 0x0a0a, 0x0a0a, 0x0a0a, 0x0a0a, 0x0a0a, 0x0a0a, 0x0a0a, 0x0a0a,
    0x0a0a, 0x0a0a, 0x0a0a, 0x0a0a, 0x0a0a, 0x0a0a, 0x0a0a, 0x0a0a, 0x0a0a, 0x0a0a, 0x0a0a, 0x0a0a,
    0x0a0a, 0x0a0a, 0x0a0a, 0x0a0a, 0x0a0a, 0x0a0a, 0x0a0a, 0x0a0a, 0x0a0a, 0x0a0a, 0x0a0a, 0x0a0a,
    0x0a0a, 0x0a0a, 0x0a0a, 0x0a0a, 0x0a0a, 0x0a0a, 0x0a0a, 0x0a0a, 0x0a0a, 0x0a0a, 0x0a0a, 0x0a0a,
    0x0a0a, 0x0a0a, 0x0a0a, 0x0a0a, 0x0a0a, 0x0a0a, 0x0a0a, 0x0a0a, 0x0a0a, 0x0a0a, 0x0a0a, 0x0a0a,
    0x0a0a, 0x0a0a, 0x0a0a, 0x0a0a, 0x0a0a, 0x0a0a, 0x0a0a, 0x0a0a, 0x0a0a, 0x0a0a, 0x0a0a, 0x0a0a,
    0x0a0a, 0x0a0a, 0x0a0a, 0x0a0a, 0x0a0a, 0x0a0a, 0x0a0a, 0x0a0a, 0x0a0a, 0x0a0a, 0x0a0a, 0x0a0a,
    0x0a0a, 0x0a0a, 0x0a0a, 0x0a0a, 0x0a0a, 0x0a0a, 0x0a0a, 0x0a0a, 0x0a0a, 0x0a0a, 0x0a0a, 0x0a0a,
    0x0a0a, 0x0a0a, 0x0a0a, 0x0a0a, 0x0a0a, 0x0a0a, 0x0a0a, 0x0a0a, 0x0a0a, 0x0a0a, 0x0a0a, 0x0a0a,
    0x0a0a, 0x0a0a, 0x0a0a, 0x0a0a, 0x0a0a, 0x0a0a, 0x0a0a, 0x0a0a, 0x0a0a, 0x0a0a, 0x0a0a, 0x0a0a,
    0x0a0a, 0x0a0a, 0x0a0a, 0x0a0a, 0x0a0a, 0x0a0a, 0x0a0a, 0x0a0a, 0x0a0a, 0x0a0a, 0x0a0a, 0x0a0a,
    0x0a0a, 0x0a0a, 0x0a0a, 0x0a0a, 0x0a0a, 0x0a0a, 0x0a0a, 0x0a0a, 0x0a0a, 0x0a0a, 0x0a0a, 0x0a0a,
    0x0a0a, 0x0a0a, 0x0a0a, 0x0a0a, 0x0a0a, 0x0a0a, 0x0a0a, 0x0a0a, 0x0a0a, 0x0a0a, 0x0a0a, 0x0a0a,
    0x0a0a, 0x0a0a, 0x0a0a, 0x0a0a, 0x0a0a, 0x0a0a, 0x0a0a, 0x0a0a, 0x0a0a, 0x0a0a, 0x0a0a, 0x0a0a,
    0x0a0a, 0x0a0a, 0x0a0a, 0x0a0a, 0x0a0a, 0x0a0a, 0x0a0a, 0x0a0a, 0x0a0a, 0x0a0a, 0x0a0a, 0x0a0a,
    0x0a0a, 0x0a0a, 0x0a0a, 0x0a0a, 0x0a0a, 0x0a0a, 0x0a0a, 0x0a0a, 0x0a0a, 0x0a0a, 0x0a0a, 0x0a0a,
    0x0a0a, 0x0a0a, 0x0a0a, 0x0a0a, 0x0a0a, 0x0a0a, 0x0a0a, 0x0a0a, 0x0a0a, 0x0a0a, 0x0a0a, 0x0a0a,
    0x0a0a, 0x0a0a, 0x0a0a, 0x0a0a, 0x0a0a, 0x0a0a, 0x0a0a, 0x0a0a, 0x0a0a, 0x0a0a, 0x0a0a, 0x0a0a,
    0x0a0a, 0x0a0a, 0x0a0a, 0x0a0a, 0x0a0a, 0x0a0a, 0x0a0a, 0x0a0a, 0x0a0a, 0x0a0a, 0x0a0a, 0x0a0a,
    0x0a0a, 0x0a0a, 0x0a0a, 0x0a0a, 0x0a0a, 0x0a0a, 0x0a0a, 0x0a0a, 0x0a0a, 0x0a0a, 0x0a0a, 0x0a0a,
    0x0a0a, 0x0a0a, 0x0a0a, 0x0a0a, 0x0a0a, 0x0a0a, 0x0a0a, 0x0a0a, 0x0a0a, 0x0a0a, 0x0a0a, 0x0a0a,
    0x0a0a, 0x0a0a, 0x0a0a, 0x0a0a, 0x0a0a, 0x0a0a, 0x0a0a, 0x0a0a, 0x0a0a, 0x0a0a, 0x0a0a, 0x0a0a,
    0x0a0a, 0x0a0a, 0x0a0a, 0x0a0a, 0x0a0a, 0x0a0a, 0x0a0a, 0x0a0a, 0x0a0a, 0x0a0a, 0x0a0a, 0x0a0a,
    0x0a0a, 0x0a0a, 0x0a0a, 0x0a0a, 0x0a0a, 0x0a0a, 0x0a0a, 0x0a0a, 0x0a0a, 0x0a0a, 0x0a0a, 0x0a0a,
    0x0a0a, 0x0a0a, 0x0a0a, 0x0a0a, 0x0a0a, 0x0a0a, 0x0a0a, 0x0a0a, 0x0a0a, 0x0a0a, 0x0a0a, 0x0a0a,
    0x0a0a, 0x0a0a, 0x0a0a, 0x0a0a, 0x0a0a, 0x0a0a, 0x0a0a, 0x0a0a, 0x0a0a, 0x0a0a, 0x0a0a, 0x0a0a,
    0x0a0a, 0x0a0a, 0x0a0a, 0x0a0a, 0x0a0a, 0x0a0a, 0x0a0a, 0x0a0a, 0x0a0a, 0x0a0a, 0x0a0a, 0x0a0a,
    0x0a0a, 0x0a0a, 0x0a0a, 0x0a0a, 0x0a0a, 0x0a0a, 0x0a0a, 0x0a0a, 0x0a0a, 0x0a0a, 0x0a0a, 0x0a0a,
    0x0a0a, 0x0a0a, 0x0a0a, 0x0a0a, 0x0a0a, 0x0a0a, 0x0a0a, 0x0a0a, 0x0a0a, 0x0a0a, 0x0a0a, 0x0a0a,
    0x0a0a, 0x0a0a, 0x0a0a, 0x0a0a, 0x0a0a, 0x0a0a, 0x0a0a, 0x0a0a, 0x0a0a, 0x0a0a, 0x0a0a, 0x0a0a,
    0x0a0a, 0x0a0a, 0x0a0a, 0x0a0a, 0x0a0a, 0x0a0a, 0x0a0a, 0x0a0a, 0x0a0a, 0x0a0a, 0x0a0a, 0x0a0a,
    0x0a0a, 0x0a0a, 0x0a0a, 0x0a0a, 0x0a0a, 0x0a0a, 0x0a0a, 0x0a0a, 0x0a0a, 0x0a0a, 0x0a0a, 0x0a0a,
    0x0a0a, 0x0a0a, 0x0a0a, 0x0a0a, 0x0a0a, 0x0a0a, 0x0a0a, 0x0a0a, 0x0a0a, 0x0a0a, 0x0a0a, 0x0a0a,
    0x0a0a, 0x0a0a, 0x0a0a, 0x0a0a, 0x0a0a, 0x0a0a, 0x0a0a, 0x0a0a, 0x0a0a, 0x0a0a, 0x0a0a, 0x0a0a,
    0x0a0a, 0x0a0a, 0x0a0a, 0x0a0a, 0x0a0a, 0x0a0a, 0x0a0a, 0x0a0a, 0x0a0a, 0x0a0a, 0x0a0a, 0x0a0a,
    0x0a0a, 0x0a0a, 0x0a0a, 0x0a0a, 0x0a0a, 0x0a0a, 0x0a0a, 0x0a0a, 0x0a0a, 0x0a0a, 0x0a0a, 0x0a0a,
    0x0a0a, 0x0a0a, 0x0a0a, 0x0a0a, 0x0a0a, 0x0a0a, 0x0a0a, 0x0a0a, 0x0a0a, 0x0a0a, 0x0a0a, 0x0a0a,
    0x0a0a, 0x0a0a, 0x0a0a, 0x0a0a, 0x0a0a, 0x0a0a, 0x0a0a, 0x0a0a, 0x0a0a, 0x0a0a, 0x0a0a, 0x0a0a,
    0x0a0a, 0x0a0a, 0x0a0a, 0x0a0a, 0x0a0a, 0x0a0a, 0x0a0a, 0x0a0a, 0x0a0a, 0x0a0a, 0x0a0a, 0x0a0a,
    0x0a0a, 0x0a0a, 0x0a0a, 0x0a0a, 0x0a0a, 0x0a0a, 0x0a0a, 0x0a0a, 0x0a0a, 0x0a0a, 0x0a0a, 0x0a0a,
    0x0a0a, 0x0a0a, 0x0a0a, 0x0a0a, 0x0a0a, 0x0a0a, 0x0a0a, 0x0a0a, 0x0a0a, 0x0a0a, 0x0a0a, 0x0a0a,
    0x0a0a, 0x0a0a, 0x0a0a, 0x0a0a, 0x0a0a, 0x0a0a, 0x0a0a, 0x0a0a, 0x0a0a, 0x0a0a, 0x0a0a, 0x0a0a,
    0x0a0a, 0x0a0a, 0x0a0a, 0x0a0a, 0x0a0a, 0x0a0a, 0x0a0a, 0x0a0a, 0x0a0a, 0x0a0a, 0x0a0a, 0x0a0a,
    0x0a0a, 0x0a0a, 0x0a0a, 0x0a0a, 0x0a0a, 0x0a0a, 0x0a0a, 0x0a0a, 0x0a0a, 0x0a0a, 0x0a0a, 0x0a0a,
    0x0a0a, 0x0a0a, 0x0a0a, 0x0a0a, 0x0a0a, 0x0a0a, 0x0a0a, 0x0a0a, 0x0a0a, 0x0a0a, 0x0a0a, 0x0a0a,
    0x0a0a, 0x0a0a, 0x0a0a, 0x0a0a, 0x0a0a, 0x0a0a, 0x0a0a, 0x0a0a, 0x0a0a, 0x0a0a, 0x0a0a, 0x0a0a,
    0x0a0a, 0x0a0a, 0x0a0a, 0x0a0a, 0x0a0a, 0x0a0a, 0x0a0a, 0x0a0a, 0x0a0a, 0x0a0a, 0x0a0a, 0x0a0a,
    0x0a0a, 0x0a0a, 0x0a0a, 0x0a0a, 0x0a0a, 0x0a0a, 0x0a0a, 0x0a0a, 0x0a0a, 0x0a0a, 0x0a0a, 0x0a0a,
    0x0a0a, 0x0a0a, 0x0a0a, 0x0a0a, 0x0a0a, 0x0a0a, 0x0a0a, 0x0a0a, 0x0a0a, 0x0a0a, 0x0a0a, 0x0a0a,
    0x0a0a, 0x0a0a, 0x0a0a, 0x0a0a, 0x0a0a, 0x0a0a, 0x0a0a, 0x0a0a, 0x0a0a, 0x0a0a, 0x0a0a, 0x0a0a,
    0x0a0a, 0x0a0a, 0x0a0a, 0x0a0a, 0x0a0a, 0x0a0a, 0x0a0a, 0x0a0a, 0x0a0a, 0x0a0a, 0x0a0a, 0x0a0a,
    0x0a0a, 0x0a0a, 0x0a0a, 0x0a0a, 0x0a0a, 0x0a0a, 0x0a0a, 0x0a0a, 0x0a0a, 0x0a0a, 0x0a0a, 0x0a0a,
    0x0a0a, 0x0a0a, 0x0a0a, 0x0a0a, 0x0a0a, 0x0a0a, 0x0a0a, 0x0a0a, 0x0a0a, 0x0a0a, 0x0a0a, 0x0a0a,
    0x0a0a, 0x0a0a, 0x0a0a, 0x0a0a, 0x0a0a, 0x0a0a, 0x0a0a, 0x0a0a, 0x0a0a, 0x0a0a, 0x0a0a, 0x0a0a,
    0x0a0a, 0x0a0a, 0x0a0a, 0x0a0a, 0x0a0a, 0x0a0a, 0x0a0a, 0x0a0a, 0x0a0a, 0x0a0a, 0x0a0a, 0x0a0a,
    0x0a0a, 0x0a0a, 0x0a0a, 0x0a0a, 0x0a0a, 0x0a0a, 0x0a0a, 0x0a0a, 0x0a0a, 0x0a0a, 0x0a0a, 0x0a0a,
    0x0a0a, 0x0a0a, 0x0a0a, 0x0a0a, 0x0a0a, 0x0a0a, 0x0a0a, 0x0a0a, 0x0a0a, 0x0a0a, 0x0a0a, 0x0a0a,
    0x0a0a, 0x0a0a, 0x0a0a, 0x0a0a, 0x0a0a, 0x0a0a, 0x0a0a, 0x0a0a, 0x0a0a, 0x0a0a, 0x0a0a, 0x0a0a,
    0x0a0a, 0x0a0a, 0x0a0a, 0x0a0a, 0x0a0a, 0x0a0a, 0x0a0a, 0x0a0a, 0x0a0a, 0x0a0a, 0x0a0a, 0x0a0a,
    0x0a0a, 0x0a0a, 0x0a0a, 0x0a0a, 0x0a0a, 0x0a0a, 0x0a0a, 0x0a0a, 0x0a0a, 0x0a0a, 0x0a0a, 0x0a0a,
    0x0a0a, 0x0a0a, 0x0a0a, 0x0a0a, 0x0a0a, 0x0a0a, 0x0a0a, 0x0a0a, 0x0a0a, 0x0a0a, 0x0a0a, 0x0a0a,
    0x0a0a, 0x0a0a, 0x0a0a, 0x0a0a, 0x0a0a, 0x0a0a, 0x0a0a, 0x0a0a, 0x0a0a, 0x0a0a, 0x0a0a, 0x0a0a,
    0x0a0a, 0x0a0a, 0x0a0a, 0x0a0a, 0x0a0a, 0x0a0a, 0x0a0a, 0x0a0a, 0x0a0a, 0x0a0a, 0x0a0a, 0x0a0a,
    0x0a0a, 0x0a0a, 0x0a0a, 0x0a0a, 0x0a0a, 0x0a0a, 0x0a0a, 0x0a0a, 0x0a0a, 0x0a0a, 0x0a0a, 0x0a0a,
    0x0a0a, 0x0a0a, 0x0a0a, 0x0a0a, 0x0a0a, 0x0a0a, 0x0a0a, 0x0a0a, 0x0a0a, 0x0a0a, 0x0a0a, 0x0a0a,
    0x0a0a, 0x0a0a, 0x0a0a, 0x0a0a, 0x0a0a, 0x0a0a, 0x0a0a, 0x0a0a, 0x0a0a, 0x0a0a, 0x0a0a, 0x0a0a,
    0x0a0a, 0x0a0a, 0x0a0a, 0x0a0a, 0x0a0a, 0x0a0a, 0x0a0a, 0x0a0a, 0x0a0a, 0x0a0a, 0x0a0a, 0x0a0a,
    0x0a0a, 0x0a0a, 0x0a0a, 0x0a0a, 0x0a0a, 0x0a0a, 0x0a0a, 0x0a0a, 0x0a0a, 0x0a0a, 0x0a0a, 0x0a0a,
};

#endif /* GENERATED_SPLASH_H */
